#
# There is insufficient memory for the Java Runtime Environment to continue.
# Native memory allocation (mmap) failed to map 174063616 bytes for G1 virtual space
# Possible reasons:
#   The system is out of physical RAM or swap space
#   The process is running with CompressedOops enabled, and the Java Heap may be blocking the growth of the native heap
# Possible solutions:
#   Reduce memory load on the system
#   Increase physical memory or swap space
#   Check if swap backing store is full
#   Decrease Java heap size (-Xmx/-Xms)
#   Decrease number of Java threads
#   Decrease Java thread stack sizes (-Xss)
#   Set larger code cache with -XX:ReservedCodeCacheSize=
#   JVM is running with Unscaled Compressed Oops mode in which the Java heap is
#     placed in the first 4GB address space. The Java Heap base address is the
#     maximum limit for the native heap growth. Please use -XX:HeapBaseMinAddress
#     to set the Java Heap base and to place the Java Heap above 4GB virtual address.
# This output file may be truncated or incomplete.
#
#  Out of Memory Error (os_windows.cpp:3769), pid=6128, tid=6764
#
# JRE version: OpenJDK Runtime Environment (17.0.6) (build 17.0.6+0-b2043.56-10027231)
# Java VM: OpenJDK 64-Bit Server VM (17.0.6+0-b2043.56-10027231, mixed mode, tiered, compressed oops, compressed class ptrs, g1 gc, windows-amd64)
# No core dump will be written. Minidumps are not enabled by default on client versions of Windows
#

---------------  S U M M A R Y ------------

Command Line: --add-opens=java.base/java.util=ALL-UNNAMED --add-opens=java.base/java.lang=ALL-UNNAMED --add-opens=java.base/java.lang.invoke=ALL-UNNAMED --add-opens=java.prefs/java.util.prefs=ALL-UNNAMED --add-opens=java.base/java.nio.charset=ALL-UNNAMED --add-opens=java.base/java.net=ALL-UNNAMED --add-opens=java.base/java.util.concurrent.atomic=ALL-UNNAMED -Xmx2048m -Dfile.encoding=UTF-8 -Duser.country=GB -Duser.language=en -Duser.variant org.gradle.launcher.daemon.bootstrap.GradleDaemon 8.0

Host: Intel(R) Celeron(R) CPU 1005M @ 1.90GHz, 2 cores, 9G,  Windows 10 , 64 bit Build 19041 (10.0.19041.1889)
Time: Wed Nov  8 01:10:28 2023 China Standard Time elapsed time: 543.971786 seconds (0d 0h 9m 3s)

---------------  T H R E A D  ---------------

Current thread (0x0000020a210ebeb0):  VMThread "VM Thread" [stack: 0x0000005411500000,0x0000005411600000] [id=6764]

Stack: [0x0000005411500000,0x0000005411600000]
Native frames: (J=compiled Java code, j=interpreted, Vv=VM code, C=native code)
V  [jvm.dll+0x683c9a]
V  [jvm.dll+0x8427a4]
V  [jvm.dll+0x843f9e]
V  [jvm.dll+0x844603]
V  [jvm.dll+0x249b75]
V  [jvm.dll+0x680b69]
V  [jvm.dll+0x67505a]
V  [jvm.dll+0x309acb]
V  [jvm.dll+0x310f86]
V  [jvm.dll+0x3608ee]
V  [jvm.dll+0x360b1f]
V  [jvm.dll+0x2dfbf8]
V  [jvm.dll+0x2ddec4]
V  [jvm.dll+0x2dd4cc]
V  [jvm.dll+0x321f3b]
V  [jvm.dll+0x848ccb]
V  [jvm.dll+0x849a04]
V  [jvm.dll+0x849f1d]
V  [jvm.dll+0x84a2f4]
V  [jvm.dll+0x84a3c0]
V  [jvm.dll+0x7f274a]
V  [jvm.dll+0x682ad5]
C  [ucrtbase.dll+0x21bb2]
C  [KERNEL32.DLL+0x17034]
C  [ntdll.dll+0x526a1]

VM_Operation (0x0000005414ff9fd0): G1CollectForAllocation, mode: safepoint, requested by thread 0x0000020a28692d90


---------------  P R O C E S S  ---------------

Threads class SMR info:
_java_thread_list=0x0000020a2a58f550, length=65, elements={
0x0000020a08038a70, 0x0000020a2110a8d0, 0x0000020a2110cb50, 0x0000020a2112c090,
0x0000020a2112c950, 0x0000020a2112d210, 0x0000020a2112dad0, 0x0000020a2112e6c0,
0x0000020a21c85e60, 0x0000020a21ca2b00, 0x0000020a21db0f30, 0x0000020a21db1400,
0x0000020a22ccbe80, 0x0000020a2325d450, 0x0000020a22b99520, 0x0000020a22b98fd0,
0x0000020a226485a0, 0x0000020a2356a880, 0x0000020a22573640, 0x0000020a220fa0f0,
0x0000020a220fa5c0, 0x0000020a220faf60, 0x0000020a220fb430, 0x0000020a220fcc40,
0x0000020a220f9750, 0x0000020a220fc770, 0x0000020a220fb900, 0x0000020a220fd110,
0x0000020a220fbdd0, 0x0000020a220f9c20, 0x0000020a220fc2a0, 0x0000020a261e53a0,
0x0000020a261e7080, 0x0000020a261e9700, 0x0000020a261e4060, 0x0000020a2a25c3b0,
0x0000020a2a25ef00, 0x0000020a2a25fd70, 0x0000020a2a25d6f0, 0x0000020a2a25e090,
0x0000020a2a2623f0, 0x0000020a2a260240, 0x0000020a2a25f3d0, 0x0000020a2a261580,
0x0000020a2a260710, 0x0000020a2a261a50, 0x0000020a2a261f20, 0x0000020a2a25b540,
0x0000020a286945a0, 0x0000020a28694f40, 0x0000020a28690710, 0x0000020a286910b0,
0x0000020a2868e560, 0x0000020a286923f0, 0x0000020a28692d90, 0x0000020a261eb3e0,
0x0000020a220faa90, 0x0000020a24c491d0, 0x0000020a32590ec0, 0x0000020a263b2360,
0x0000020a32591860, 0x0000020a32590520, 0x0000020a263b7ed0, 0x0000020a23573800,
0x0000020a23573cd0
}

Java Threads: ( => current thread )
  0x0000020a08038a70 JavaThread "main" [_thread_blocked, id=7536, stack(0x0000005410f00000,0x0000005411000000)]
  0x0000020a2110a8d0 JavaThread "Reference Handler" daemon [_thread_blocked, id=3840, stack(0x0000005411600000,0x0000005411700000)]
  0x0000020a2110cb50 JavaThread "Finalizer" daemon [_thread_blocked, id=6188, stack(0x0000005411700000,0x0000005411800000)]
  0x0000020a2112c090 JavaThread "Signal Dispatcher" daemon [_thread_blocked, id=3592, stack(0x0000005411800000,0x0000005411900000)]
  0x0000020a2112c950 JavaThread "Attach Listener" daemon [_thread_blocked, id=4572, stack(0x0000005411900000,0x0000005411a00000)]
  0x0000020a2112d210 JavaThread "Service Thread" daemon [_thread_blocked, id=2564, stack(0x0000005411a00000,0x0000005411b00000)]
  0x0000020a2112dad0 JavaThread "Monitor Deflation Thread" daemon [_thread_blocked, id=5032, stack(0x0000005411b00000,0x0000005411c00000)]
  0x0000020a2112e6c0 JavaThread "C2 CompilerThread0" daemon [_thread_blocked, id=1260, stack(0x0000005411c00000,0x0000005411d00000)]
  0x0000020a21c85e60 JavaThread "C1 CompilerThread0" daemon [_thread_blocked, id=5092, stack(0x0000005411d00000,0x0000005411e00000)]
  0x0000020a21ca2b00 JavaThread "Sweeper thread" daemon [_thread_blocked, id=3432, stack(0x0000005411e00000,0x0000005411f00000)]
  0x0000020a21db0f30 JavaThread "Common-Cleaner" daemon [_thread_blocked, id=4120, stack(0x0000005411f00000,0x0000005412000000)]
  0x0000020a21db1400 JavaThread "Notification Thread" daemon [_thread_blocked, id=7148, stack(0x0000005412000000,0x0000005412100000)]
  0x0000020a22ccbe80 JavaThread "Daemon health stats" [_thread_blocked, id=1588, stack(0x0000005412300000,0x0000005412400000)]
  0x0000020a2325d450 JavaThread "Incoming local TCP Connector on port 57680" [_thread_in_native, id=1992, stack(0x0000005412400000,0x0000005412500000)]
  0x0000020a22b99520 JavaThread "Daemon periodic checks" [_thread_blocked, id=7220, stack(0x0000005412500000,0x0000005412600000)]
  0x0000020a22b98fd0 JavaThread "Daemon" [_thread_blocked, id=2192, stack(0x0000005412600000,0x0000005412700000)]
  0x0000020a226485a0 JavaThread "Handler for socket connection from /127.0.0.1:57680 to /127.0.0.1:57681" [_thread_in_native, id=7656, stack(0x0000005412700000,0x0000005412800000)]
  0x0000020a2356a880 JavaThread "Cancel handler" [_thread_blocked, id=6648, stack(0x0000005412800000,0x0000005412900000)]
  0x0000020a22573640 JavaThread "Daemon worker" [_thread_blocked, id=284, stack(0x0000005412900000,0x0000005412a00000)]
  0x0000020a220fa0f0 JavaThread "Asynchronous log dispatcher for DefaultDaemonConnection: socket connection from /127.0.0.1:57680 to /127.0.0.1:57681" [_thread_blocked, id=6820, stack(0x0000005412a00000,0x0000005412b00000)]
  0x0000020a220fa5c0 JavaThread "Daemon client event forwarder" [_thread_blocked, id=8048, stack(0x0000005412c00000,0x0000005412d00000)]
  0x0000020a220faf60 JavaThread "Cache worker for journal cache (C:\Users\Admin\AndroidStudioProjects\Flexpal20\caches\journal-1)" [_thread_blocked, id=7372, stack(0x0000005412d00000,0x0000005412e00000)]
  0x0000020a220fb430 JavaThread "File lock request listener" [_thread_in_native, id=7816, stack(0x0000005412e00000,0x0000005412f00000)]
  0x0000020a220fcc40 JavaThread "Cache worker for file hash cache (C:\Users\Admin\AndroidStudioProjects\Flexpal20\caches\8.0\fileHashes)" [_thread_blocked, id=2656, stack(0x0000005412f00000,0x0000005413000000)]
  0x0000020a220f9750 JavaThread "File watcher server" daemon [_thread_blocked, id=4828, stack(0x0000005413000000,0x0000005413100000)]
  0x0000020a220fc770 JavaThread "File watcher consumer" daemon [_thread_blocked, id=3252, stack(0x0000005413100000,0x0000005413200000)]
  0x0000020a220fb900 JavaThread "Cache worker for checksums cache (C:\Users\Admin\AndroidStudioProjects\Flexpal\.gradle\8.0\checksums)" [_thread_blocked, id=4960, stack(0x0000005413200000,0x0000005413300000)]
  0x0000020a220fd110 JavaThread "Cache worker for cache directory md-rule (C:\Users\Admin\AndroidStudioProjects\Flexpal20\caches\8.0\md-rule)" [_thread_blocked, id=6604, stack(0x0000005413300000,0x0000005413400000)]
  0x0000020a220fbdd0 JavaThread "Cache worker for file content cache (C:\Users\Admin\AndroidStudioProjects\Flexpal20\caches\8.0\fileContent)" [_thread_blocked, id=6708, stack(0x0000005413400000,0x0000005413500000)]
  0x0000020a220f9c20 JavaThread "Cache worker for file hash cache (C:\Users\Admin\AndroidStudioProjects\Flexpal\.gradle\8.0\fileHashes)" [_thread_blocked, id=2544, stack(0x0000005413600000,0x0000005413700000)]
  0x0000020a220fc2a0 JavaThread "Cache worker for cache directory md-supplier (C:\Users\Admin\AndroidStudioProjects\Flexpal20\caches\8.0\md-supplier)" [_thread_blocked, id=408, stack(0x0000005413700000,0x0000005413800000)]
  0x0000020a261e53a0 JavaThread "Cache worker for execution history cache (C:\Users\Admin\AndroidStudioProjects\Flexpal20\caches\8.0\executionHistory)" [_thread_blocked, id=6148, stack(0x0000005413800000,0x0000005413900000)]
  0x0000020a261e7080 JavaThread "jar transforms" [_thread_blocked, id=7752, stack(0x0000005413900000,0x0000005413a00000)]
  0x0000020a261e9700 JavaThread "jar transforms Thread 2" [_thread_blocked, id=4752, stack(0x0000005413a00000,0x0000005413b00000)]
  0x0000020a261e4060 JavaThread "Cache worker for kotlin-dsl (C:\Users\Admin\AndroidStudioProjects\Flexpal20\caches\8.0\kotlin-dsl)" [_thread_blocked, id=6244, stack(0x0000005413b00000,0x0000005413c00000)]
  0x0000020a2a25c3b0 JavaThread "Cache worker for dependencies-accessors (C:\Users\Admin\AndroidStudioProjects\Flexpal\.gradle\8.0\dependencies-accessors)" [_thread_blocked, id=8060, stack(0x0000005410d00000,0x0000005410e00000)]
  0x0000020a2a25ef00 JavaThread "Cache worker for Build Output Cleanup Cache (C:\Users\Admin\AndroidStudioProjects\Flexpal\.gradle\buildOutputCleanup)" [_thread_blocked, id=2640, stack(0x0000005410e00000,0x0000005410f00000)]
  0x0000020a2a25fd70 JavaThread "Kotlin DSL Writer" [_thread_blocked, id=460, stack(0x0000005412b00000,0x0000005412c00000)]
  0x0000020a2a25d6f0 JavaThread "Unconstrained build operations" [_thread_blocked, id=6536, stack(0x0000005413f00000,0x0000005414000000)]
  0x0000020a2a25e090 JavaThread "Unconstrained build operations Thread 2" [_thread_blocked, id=7724, stack(0x0000005414000000,0x0000005414100000)]
  0x0000020a2a2623f0 JavaThread "Unconstrained build operations Thread 3" [_thread_blocked, id=7684, stack(0x0000005414100000,0x0000005414200000)]
  0x0000020a2a260240 JavaThread "Unconstrained build operations Thread 4" [_thread_blocked, id=4024, stack(0x0000005414200000,0x0000005414300000)]
  0x0000020a2a25f3d0 JavaThread "Unconstrained build operations Thread 5" [_thread_blocked, id=400, stack(0x0000005414300000,0x0000005414400000)]
  0x0000020a2a261580 JavaThread "Unconstrained build operations Thread 6" [_thread_blocked, id=3896, stack(0x0000005414400000,0x0000005414500000)]
  0x0000020a2a260710 JavaThread "Unconstrained build operations Thread 7" [_thread_blocked, id=7200, stack(0x0000005414500000,0x0000005414600000)]
  0x0000020a2a261a50 JavaThread "Unconstrained build operations Thread 8" [_thread_blocked, id=6212, stack(0x0000005414600000,0x0000005414700000)]
  0x0000020a2a261f20 JavaThread "Unconstrained build operations Thread 9" [_thread_blocked, id=1484, stack(0x0000005414700000,0x0000005414800000)]
  0x0000020a2a25b540 JavaThread "Unconstrained build operations Thread 10" [_thread_blocked, id=576, stack(0x0000005414800000,0x0000005414900000)]
  0x0000020a286945a0 JavaThread "Unconstrained build operations Thread 11" [_thread_blocked, id=3328, stack(0x0000005414900000,0x0000005414a00000)]
  0x0000020a28694f40 JavaThread "Unconstrained build operations Thread 12" [_thread_blocked, id=1196, stack(0x0000005414a00000,0x0000005414b00000)]
  0x0000020a28690710 JavaThread "Unconstrained build operations Thread 13" [_thread_blocked, id=7560, stack(0x0000005414b00000,0x0000005414c00000)]
  0x0000020a286910b0 JavaThread "Unconstrained build operations Thread 14" [_thread_blocked, id=7596, stack(0x0000005414c00000,0x0000005414d00000)]
  0x0000020a2868e560 JavaThread "Unconstrained build operations Thread 15" [_thread_blocked, id=6208, stack(0x0000005414d00000,0x0000005414e00000)]
  0x0000020a286923f0 JavaThread "Unconstrained build operations Thread 16" [_thread_blocked, id=528, stack(0x0000005414e00000,0x0000005414f00000)]
  0x0000020a28692d90 JavaThread "Unconstrained build operations Thread 17" [_thread_blocked, id=4060, stack(0x0000005414f00000,0x0000005415000000)]
  0x0000020a261eb3e0 JavaThread "Unconstrained build operations Thread 18" [_thread_blocked, id=7716, stack(0x0000005415000000,0x0000005415100000)]
  0x0000020a220faa90 JavaThread "Unconstrained build operations Thread 19" [_thread_blocked, id=2128, stack(0x0000005415100000,0x0000005415200000)]
  0x0000020a24c491d0 JavaThread "Unconstrained build operations Thread 20" [_thread_blocked, id=6480, stack(0x0000005415200000,0x0000005415300000)]
  0x0000020a32590ec0 JavaThread "build event listener" [_thread_blocked, id=7504, stack(0x0000005415400000,0x0000005415500000)]
  0x0000020a263b2360 JavaThread "Memory manager" [_thread_blocked, id=2072, stack(0x0000005415500000,0x0000005415600000)]
  0x0000020a32591860 JavaThread "included builds" [_thread_blocked, id=6992, stack(0x0000005415600000,0x0000005415700000)]
  0x0000020a32590520 JavaThread "Execution worker" [_thread_blocked, id=1500, stack(0x0000005415700000,0x0000005415800000)]
  0x0000020a263b7ed0 JavaThread "Cache worker for execution history cache (C:\Users\Admin\AndroidStudioProjects\Flexpal\.gradle\8.0\executionHistory)" [_thread_blocked, id=1412, stack(0x0000005415800000,0x0000005415900000)]
  0x0000020a23573800 JavaThread "WorkerExecutor Queue" [_thread_blocked, id=5216, stack(0x0000005413c00000,0x0000005413d00000)]
  0x0000020a23573cd0 JavaThread "WorkerExecutor Queue Thread 2" [_thread_blocked, id=1304, stack(0x0000005413d00000,0x0000005413e00000)]

Other Threads:
=>0x0000020a210ebeb0 VMThread "VM Thread" [stack: 0x0000005411500000,0x0000005411600000] [id=6764]
  0x0000020a21daec00 WatcherThread [stack: 0x0000005412100000,0x0000005412200000] [id=6952]
  0x0000020a08096960 GCTaskThread "GC Thread#0" [stack: 0x0000005411000000,0x0000005411100000] [id=5640]
  0x0000020a21e0f6e0 GCTaskThread "GC Thread#1" [stack: 0x0000005412200000,0x0000005412300000] [id=7324]
  0x0000020a080a77b0 ConcurrentGCThread "G1 Main Marker" [stack: 0x0000005411100000,0x0000005411200000] [id=7072]
  0x0000020a080a80d0 ConcurrentGCThread "G1 Conc#0" [stack: 0x0000005411200000,0x0000005411300000] [id=2268]
  0x0000020a08108720 ConcurrentGCThread "G1 Refine#0" [stack: 0x0000005411300000,0x0000005411400000] [id=4976]
  0x0000020a229212c0 ConcurrentGCThread "G1 Refine#1" [stack: 0x0000005413500000,0x0000005413600000] [id=2724]
  0x0000020a20f51210 ConcurrentGCThread "G1 Service" [stack: 0x0000005411400000,0x0000005411500000] [id=3540]

Threads with active compile tasks:
C2 CompilerThread0   544127 41063       4       com.android.tools.r8.ir.optimize.k0::a (278 bytes)

VM state: at safepoint (normal execution)

VM Mutex/Monitor currently owned by a thread:  ([mutex/lock_event])
[0x0000020a08033520] Threads_lock - owner thread: 0x0000020a210ebeb0
[0x0000020a08032ef0] Heap_lock - owner thread: 0x0000020a28692d90

Heap address: 0x0000000080000000, size: 2048 MB, Compressed Oops mode: 32-bit

CDS archive(s) not mapped
Compressed class space mapped at: 0x0000000100000000-0x0000000140000000, reserved size: 1073741824
Narrow klass base: 0x0000000000000000, Narrow klass shift: 3, Narrow klass range: 0x140000000

GC Precious Log:
 CPUs: 2 total, 2 available
 Memory: 10105M
 Large Page Support: Disabled
 NUMA Support: Disabled
 Compressed Oops: Enabled (32-bit)
 Heap Region Size: 1M
 Heap Min Capacity: 8M
 Heap Initial Capacity: 158M
 Heap Max Capacity: 2G
 Pre-touch: Disabled
 Parallel Workers: 2
 Concurrent Workers: 1
 Concurrent Refinement Workers: 2
 Periodic GC: Disabled

Heap:
 garbage-first heap   total 471040K, used 294884K [0x0000000080000000, 0x0000000100000000)
  region size 1024K, 3 young (3072K), 3 survivors (3072K)
 Metaspace       used 201281K, committed 202176K, reserved 1228800K
  class space    used 24793K, committed 25216K, reserved 1048576K

Heap Regions: E=young(eden), S=young(survivor), O=old, HS=humongous(starts), HC=humongous(continues), CS=collection set, F=free, OA=open archive, CA=closed archive, TAMS=top-at-mark-start (previous, next)
|   0|0x0000000080000000, 0x0000000080100000, 0x0000000080100000|100%| O|  |TAMS 0x0000000080100000, 0x0000000080000000| Untracked 
|   1|0x0000000080100000, 0x0000000080200000, 0x0000000080200000|100%| O|  |TAMS 0x0000000080200000, 0x0000000080100000| Untracked 
|   2|0x0000000080200000, 0x0000000080300000, 0x0000000080300000|100%| O|  |TAMS 0x0000000080300000, 0x0000000080200000| Untracked 
|   3|0x0000000080300000, 0x0000000080400000, 0x0000000080400000|100%| O|  |TAMS 0x0000000080400000, 0x0000000080300000| Untracked 
|   4|0x0000000080400000, 0x0000000080500000, 0x0000000080500000|100%|HS|  |TAMS 0x0000000080500000, 0x0000000080400000| Complete 
|   5|0x0000000080500000, 0x0000000080600000, 0x0000000080600000|100%|HC|  |TAMS 0x0000000080600000, 0x0000000080500000| Complete 
|   6|0x0000000080600000, 0x0000000080700000, 0x0000000080700000|100%|HC|  |TAMS 0x0000000080700000, 0x0000000080600000| Complete 
|   7|0x0000000080700000, 0x0000000080800000, 0x0000000080800000|100%|HC|  |TAMS 0x0000000080800000, 0x0000000080700000| Complete 
|   8|0x0000000080800000, 0x0000000080900000, 0x0000000080900000|100%| O|  |TAMS 0x0000000080900000, 0x0000000080800000| Untracked 
|   9|0x0000000080900000, 0x0000000080a00000, 0x0000000080a00000|100%| O|  |TAMS 0x0000000080a00000, 0x0000000080900000| Untracked 
|  10|0x0000000080a00000, 0x0000000080a3b000, 0x0000000080b00000| 23%| O|  |TAMS 0x0000000080a3b000, 0x0000000080a00000| Untracked 
|  11|0x0000000080b00000, 0x0000000080c00000, 0x0000000080c00000|100%| O|  |TAMS 0x0000000080c00000, 0x0000000080b00000| Untracked 
|  12|0x0000000080c00000, 0x0000000080d00000, 0x0000000080d00000|100%| O|  |TAMS 0x0000000080d00000, 0x0000000080c00000| Untracked 
|  13|0x0000000080d00000, 0x0000000080e00000, 0x0000000080e00000|100%| O|  |TAMS 0x0000000080e00000, 0x0000000080d00000| Untracked 
|  14|0x0000000080e00000, 0x0000000080f00000, 0x0000000080f00000|100%| O|  |TAMS 0x0000000080f00000, 0x0000000080e00000| Untracked 
|  15|0x0000000080f00000, 0x0000000081000000, 0x0000000081000000|100%| O|  |TAMS 0x0000000081000000, 0x0000000080f00000| Untracked 
|  16|0x0000000081000000, 0x0000000081100000, 0x0000000081100000|100%| O|  |TAMS 0x0000000081100000, 0x0000000081000000| Untracked 
|  17|0x0000000081100000, 0x0000000081200000, 0x0000000081200000|100%| O|  |TAMS 0x0000000081200000, 0x0000000081100000| Untracked 
|  18|0x0000000081200000, 0x0000000081300000, 0x0000000081300000|100%| O|  |TAMS 0x0000000081300000, 0x0000000081200000| Untracked 
|  19|0x0000000081300000, 0x0000000081400000, 0x0000000081400000|100%| O|  |TAMS 0x0000000081400000, 0x0000000081300000| Untracked 
|  20|0x0000000081400000, 0x0000000081500000, 0x0000000081500000|100%| O|  |TAMS 0x0000000081500000, 0x0000000081400000| Untracked 
|  21|0x0000000081500000, 0x0000000081600000, 0x0000000081600000|100%| O|  |TAMS 0x0000000081600000, 0x0000000081500000| Untracked 
|  22|0x0000000081600000, 0x0000000081700000, 0x0000000081700000|100%| O|  |TAMS 0x0000000081700000, 0x0000000081600000| Untracked 
|  23|0x0000000081700000, 0x0000000081800000, 0x0000000081800000|100%| O|  |TAMS 0x0000000081800000, 0x0000000081700000| Untracked 
|  24|0x0000000081800000, 0x0000000081900000, 0x0000000081900000|100%| O|  |TAMS 0x0000000081900000, 0x0000000081800000| Untracked 
|  25|0x0000000081900000, 0x0000000081a00000, 0x0000000081a00000|100%| O|  |TAMS 0x0000000081a00000, 0x0000000081900000| Untracked 
|  26|0x0000000081a00000, 0x0000000081b00000, 0x0000000081b00000|100%| O|  |TAMS 0x0000000081b00000, 0x0000000081a00000| Untracked 
|  27|0x0000000081b00000, 0x0000000081c00000, 0x0000000081c00000|100%| O|  |TAMS 0x0000000081c00000, 0x0000000081b00000| Untracked 
|  28|0x0000000081c00000, 0x0000000081d00000, 0x0000000081d00000|100%| O|  |TAMS 0x0000000081d00000, 0x0000000081c00000| Untracked 
|  29|0x0000000081d00000, 0x0000000081e00000, 0x0000000081e00000|100%| O|  |TAMS 0x0000000081e00000, 0x0000000081d00000| Untracked 
|  30|0x0000000081e00000, 0x0000000081f00000, 0x0000000081f00000|100%| O|  |TAMS 0x0000000081f00000, 0x0000000081e00000| Untracked 
|  31|0x0000000081f00000, 0x0000000082000000, 0x0000000082000000|100%| O|  |TAMS 0x0000000082000000, 0x0000000081f00000| Untracked 
|  32|0x0000000082000000, 0x0000000082100000, 0x0000000082100000|100%| O|  |TAMS 0x0000000082100000, 0x0000000082000000| Untracked 
|  33|0x0000000082100000, 0x0000000082200000, 0x0000000082200000|100%| O|  |TAMS 0x0000000082200000, 0x0000000082100000| Untracked 
|  34|0x0000000082200000, 0x0000000082300000, 0x0000000082300000|100%| O|  |TAMS 0x0000000082300000, 0x0000000082200000| Untracked 
|  35|0x0000000082300000, 0x0000000082400000, 0x0000000082400000|100%| O|  |TAMS 0x0000000082400000, 0x0000000082300000| Untracked 
|  36|0x0000000082400000, 0x0000000082500000, 0x0000000082500000|100%| O|  |TAMS 0x0000000082500000, 0x0000000082400000| Untracked 
|  37|0x0000000082500000, 0x0000000082600000, 0x0000000082600000|100%| O|  |TAMS 0x0000000082500000, 0x0000000082500000| Untracked 
|  38|0x0000000082600000, 0x0000000082700000, 0x0000000082700000|100%| O|  |TAMS 0x0000000082700000, 0x0000000082600000| Untracked 
|  39|0x0000000082700000, 0x0000000082800000, 0x0000000082800000|100%| O|  |TAMS 0x0000000082800000, 0x0000000082700000| Untracked 
|  40|0x0000000082800000, 0x0000000082900000, 0x0000000082900000|100%| O|  |TAMS 0x0000000082900000, 0x0000000082800000| Untracked 
|  41|0x0000000082900000, 0x0000000082a00000, 0x0000000082a00000|100%| O|  |TAMS 0x0000000082a00000, 0x0000000082900000| Untracked 
|  42|0x0000000082a00000, 0x0000000082b00000, 0x0000000082b00000|100%| O|  |TAMS 0x0000000082b00000, 0x0000000082a00000| Untracked 
|  43|0x0000000082b00000, 0x0000000082c00000, 0x0000000082c00000|100%| O|  |TAMS 0x0000000082c00000, 0x0000000082b00000| Untracked 
|  44|0x0000000082c00000, 0x0000000082d00000, 0x0000000082d00000|100%| O|  |TAMS 0x0000000082c00000, 0x0000000082c00000| Untracked 
|  45|0x0000000082d00000, 0x0000000082e00000, 0x0000000082e00000|100%| O|  |TAMS 0x0000000082e00000, 0x0000000082d00000| Untracked 
|  46|0x0000000082e00000, 0x0000000082f00000, 0x0000000082f00000|100%| O|  |TAMS 0x0000000082f00000, 0x0000000082e00000| Untracked 
|  47|0x0000000082f00000, 0x0000000083000000, 0x0000000083000000|100%| O|  |TAMS 0x0000000082f00000, 0x0000000082f00000| Untracked 
|  48|0x0000000083000000, 0x0000000083100000, 0x0000000083100000|100%| O|  |TAMS 0x0000000083100000, 0x0000000083000000| Untracked 
|  49|0x0000000083100000, 0x0000000083200000, 0x0000000083200000|100%| O|  |TAMS 0x0000000083200000, 0x0000000083100000| Untracked 
|  50|0x0000000083200000, 0x0000000083300000, 0x0000000083300000|100%|HS|  |TAMS 0x0000000083300000, 0x0000000083200000| Complete 
|  51|0x0000000083300000, 0x0000000083400000, 0x0000000083400000|100%|HC|  |TAMS 0x0000000083400000, 0x0000000083300000| Complete 
|  52|0x0000000083400000, 0x0000000083500000, 0x0000000083500000|100%|HC|  |TAMS 0x0000000083500000, 0x0000000083400000| Complete 
|  53|0x0000000083500000, 0x0000000083600000, 0x0000000083600000|100%|HC|  |TAMS 0x0000000083600000, 0x0000000083500000| Complete 
|  54|0x0000000083600000, 0x0000000083700000, 0x0000000083700000|100%| O|  |TAMS 0x0000000083700000, 0x0000000083600000| Untracked 
|  55|0x0000000083700000, 0x0000000083800000, 0x0000000083800000|100%| O|  |TAMS 0x0000000083800000, 0x0000000083700000| Untracked 
|  56|0x0000000083800000, 0x0000000083900000, 0x0000000083900000|100%| O|  |TAMS 0x0000000083900000, 0x0000000083800000| Untracked 
|  57|0x0000000083900000, 0x0000000083a00000, 0x0000000083a00000|100%| O|  |TAMS 0x0000000083a00000, 0x0000000083900000| Untracked 
|  58|0x0000000083a00000, 0x0000000083b00000, 0x0000000083b00000|100%| O|  |TAMS 0x0000000083b00000, 0x0000000083a00000| Untracked 
|  59|0x0000000083b00000, 0x0000000083c00000, 0x0000000083c00000|100%| O|  |TAMS 0x0000000083c00000, 0x0000000083b00000| Untracked 
|  60|0x0000000083c00000, 0x0000000083d00000, 0x0000000083d00000|100%| O|  |TAMS 0x0000000083d00000, 0x0000000083c00000| Untracked 
|  61|0x0000000083d00000, 0x0000000083e00000, 0x0000000083e00000|100%| O|  |TAMS 0x0000000083e00000, 0x0000000083d00000| Untracked 
|  62|0x0000000083e00000, 0x0000000083f00000, 0x0000000083f00000|100%| O|  |TAMS 0x0000000083f00000, 0x0000000083e00000| Untracked 
|  63|0x0000000083f00000, 0x0000000084000000, 0x0000000084000000|100%| O|  |TAMS 0x0000000084000000, 0x0000000083f00000| Untracked 
|  64|0x0000000084000000, 0x0000000084100000, 0x0000000084100000|100%| O|  |TAMS 0x0000000084100000, 0x0000000084000000| Untracked 
|  65|0x0000000084100000, 0x0000000084200000, 0x0000000084200000|100%| O|  |TAMS 0x0000000084200000, 0x0000000084100000| Untracked 
|  66|0x0000000084200000, 0x0000000084300000, 0x0000000084300000|100%| O|  |TAMS 0x0000000084300000, 0x0000000084200000| Untracked 
|  67|0x0000000084300000, 0x0000000084400000, 0x0000000084400000|100%| O|  |TAMS 0x0000000084400000, 0x0000000084300000| Untracked 
|  68|0x0000000084400000, 0x0000000084500000, 0x0000000084500000|100%| O|  |TAMS 0x0000000084400000, 0x0000000084400000| Untracked 
|  69|0x0000000084500000, 0x0000000084600000, 0x0000000084600000|100%| O|  |TAMS 0x0000000084500000, 0x0000000084500000| Untracked 
|  70|0x0000000084600000, 0x0000000084700000, 0x0000000084700000|100%| O|  |TAMS 0x0000000084600000, 0x0000000084600000| Untracked 
|  71|0x0000000084700000, 0x0000000084800000, 0x0000000084800000|100%| O|  |TAMS 0x0000000084700000, 0x0000000084700000| Untracked 
|  72|0x0000000084800000, 0x0000000084900000, 0x0000000084900000|100%| O|  |TAMS 0x0000000084800000, 0x0000000084800000| Untracked 
|  73|0x0000000084900000, 0x0000000084a00000, 0x0000000084a00000|100%| O|  |TAMS 0x0000000084900000, 0x0000000084900000| Untracked 
|  74|0x0000000084a00000, 0x0000000084b00000, 0x0000000084b00000|100%| O|  |TAMS 0x0000000084b00000, 0x0000000084a00000| Untracked 
|  75|0x0000000084b00000, 0x0000000084c00000, 0x0000000084c00000|100%| O|  |TAMS 0x0000000084c00000, 0x0000000084b00000| Untracked 
|  76|0x0000000084c00000, 0x0000000084d00000, 0x0000000084d00000|100%| O|  |TAMS 0x0000000084d00000, 0x0000000084c00000| Untracked 
|  77|0x0000000084d00000, 0x0000000084e00000, 0x0000000084e00000|100%| O|  |TAMS 0x0000000084e00000, 0x0000000084d00000| Untracked 
|  78|0x0000000084e00000, 0x0000000084f00000, 0x0000000084f00000|100%| O|  |TAMS 0x0000000084f00000, 0x0000000084e00000| Untracked 
|  79|0x0000000084f00000, 0x0000000085000000, 0x0000000085000000|100%| O|  |TAMS 0x0000000085000000, 0x0000000084f00000| Untracked 
|  80|0x0000000085000000, 0x0000000085100000, 0x0000000085100000|100%| O|  |TAMS 0x0000000085100000, 0x0000000085000000| Untracked 
|  81|0x0000000085100000, 0x0000000085200000, 0x0000000085200000|100%| O|  |TAMS 0x0000000085200000, 0x0000000085100000| Untracked 
|  82|0x0000000085200000, 0x0000000085300000, 0x0000000085300000|100%| O|  |TAMS 0x0000000085300000, 0x0000000085200000| Untracked 
|  83|0x0000000085300000, 0x0000000085400000, 0x0000000085400000|100%| O|  |TAMS 0x0000000085400000, 0x0000000085300000| Untracked 
|  84|0x0000000085400000, 0x0000000085500000, 0x0000000085500000|100%| O|  |TAMS 0x0000000085500000, 0x0000000085400000| Untracked 
|  85|0x0000000085500000, 0x0000000085600000, 0x0000000085600000|100%| O|  |TAMS 0x0000000085600000, 0x0000000085500000| Untracked 
|  86|0x0000000085600000, 0x0000000085700000, 0x0000000085700000|100%| O|  |TAMS 0x0000000085700000, 0x0000000085600000| Untracked 
|  87|0x0000000085700000, 0x0000000085800000, 0x0000000085800000|100%| O|  |TAMS 0x0000000085800000, 0x0000000085700000| Untracked 
|  88|0x0000000085800000, 0x0000000085900000, 0x0000000085900000|100%| O|  |TAMS 0x0000000085900000, 0x0000000085800000| Untracked 
|  89|0x0000000085900000, 0x0000000085a00000, 0x0000000085a00000|100%| O|  |TAMS 0x0000000085a00000, 0x0000000085900000| Untracked 
|  90|0x0000000085a00000, 0x0000000085b00000, 0x0000000085b00000|100%| O|  |TAMS 0x0000000085b00000, 0x0000000085a00000| Untracked 
|  91|0x0000000085b00000, 0x0000000085c00000, 0x0000000085c00000|100%| O|  |TAMS 0x0000000085c00000, 0x0000000085b00000| Untracked 
|  92|0x0000000085c00000, 0x0000000085d00000, 0x0000000085d00000|100%| O|  |TAMS 0x0000000085d00000, 0x0000000085c00000| Untracked 
|  93|0x0000000085d00000, 0x0000000085e00000, 0x0000000085e00000|100%| O|  |TAMS 0x0000000085e00000, 0x0000000085d00000| Untracked 
|  94|0x0000000085e00000, 0x0000000085f00000, 0x0000000085f00000|100%| O|  |TAMS 0x0000000085f00000, 0x0000000085e00000| Untracked 
|  95|0x0000000085f00000, 0x0000000086000000, 0x0000000086000000|100%| O|  |TAMS 0x0000000086000000, 0x0000000085f00000| Untracked 
|  96|0x0000000086000000, 0x0000000086100000, 0x0000000086100000|100%| O|  |TAMS 0x0000000086100000, 0x0000000086000000| Untracked 
|  97|0x0000000086100000, 0x0000000086200000, 0x0000000086200000|100%| O|  |TAMS 0x0000000086200000, 0x0000000086100000| Untracked 
|  98|0x0000000086200000, 0x0000000086300000, 0x0000000086300000|100%| O|  |TAMS 0x0000000086300000, 0x0000000086200000| Untracked 
|  99|0x0000000086300000, 0x0000000086400000, 0x0000000086400000|100%| O|  |TAMS 0x0000000086400000, 0x0000000086300000| Untracked 
| 100|0x0000000086400000, 0x0000000086500000, 0x0000000086500000|100%| O|  |TAMS 0x0000000086500000, 0x0000000086400000| Untracked 
| 101|0x0000000086500000, 0x0000000086600000, 0x0000000086600000|100%| O|  |TAMS 0x0000000086600000, 0x0000000086500000| Untracked 
| 102|0x0000000086600000, 0x0000000086700000, 0x0000000086700000|100%|HS|  |TAMS 0x0000000086700000, 0x0000000086600000| Complete 
| 103|0x0000000086700000, 0x0000000086800000, 0x0000000086800000|100%|HS|  |TAMS 0x0000000086800000, 0x0000000086700000| Complete 
| 104|0x0000000086800000, 0x0000000086900000, 0x0000000086900000|100%| O|  |TAMS 0x0000000086800000, 0x0000000086800000| Untracked 
| 105|0x0000000086900000, 0x0000000086a00000, 0x0000000086a00000|100%| O|  |TAMS 0x0000000086900000, 0x0000000086900000| Untracked 
| 106|0x0000000086a00000, 0x0000000086b00000, 0x0000000086b00000|100%| O|  |TAMS 0x0000000086a00000, 0x0000000086a00000| Untracked 
| 107|0x0000000086b00000, 0x0000000086c00000, 0x0000000086c00000|100%|HS|  |TAMS 0x0000000086c00000, 0x0000000086b00000| Complete 
| 108|0x0000000086c00000, 0x0000000086d00000, 0x0000000086d00000|100%| O|  |TAMS 0x0000000086d00000, 0x0000000086c00000| Untracked 
| 109|0x0000000086d00000, 0x0000000086e00000, 0x0000000086e00000|100%| O|  |TAMS 0x0000000086e00000, 0x0000000086d00000| Untracked 
| 110|0x0000000086e00000, 0x0000000086f00000, 0x0000000086f00000|100%| O|  |TAMS 0x0000000086f00000, 0x0000000086e00000| Untracked 
| 111|0x0000000086f00000, 0x0000000087000000, 0x0000000087000000|100%| O|  |TAMS 0x0000000087000000, 0x0000000086f00000| Untracked 
| 112|0x0000000087000000, 0x0000000087100000, 0x0000000087100000|100%| O|  |TAMS 0x0000000087100000, 0x0000000087000000| Untracked 
| 113|0x0000000087100000, 0x0000000087200000, 0x0000000087200000|100%| O|  |TAMS 0x0000000087200000, 0x0000000087100000| Untracked 
| 114|0x0000000087200000, 0x0000000087300000, 0x0000000087300000|100%| O|  |TAMS 0x0000000087300000, 0x0000000087200000| Untracked 
| 115|0x0000000087300000, 0x0000000087400000, 0x0000000087400000|100%| O|  |TAMS 0x0000000087400000, 0x0000000087300000| Untracked 
| 116|0x0000000087400000, 0x0000000087500000, 0x0000000087500000|100%| O|  |TAMS 0x0000000087500000, 0x0000000087400000| Untracked 
| 117|0x0000000087500000, 0x0000000087600000, 0x0000000087600000|100%| O|  |TAMS 0x0000000087600000, 0x0000000087500000| Untracked 
| 118|0x0000000087600000, 0x0000000087700000, 0x0000000087700000|100%| O|  |TAMS 0x0000000087700000, 0x0000000087600000| Untracked 
| 119|0x0000000087700000, 0x0000000087800000, 0x0000000087800000|100%| O|  |TAMS 0x0000000087800000, 0x0000000087700000| Untracked 
| 120|0x0000000087800000, 0x0000000087900000, 0x0000000087900000|100%| O|  |TAMS 0x0000000087900000, 0x0000000087800000| Untracked 
| 121|0x0000000087900000, 0x0000000087a00000, 0x0000000087a00000|100%| O|  |TAMS 0x0000000087900000, 0x0000000087900000| Untracked 
| 122|0x0000000087a00000, 0x0000000087b00000, 0x0000000087b00000|100%| O|  |TAMS 0x0000000087b00000, 0x0000000087a00000| Untracked 
| 123|0x0000000087b00000, 0x0000000087c00000, 0x0000000087c00000|100%| O|  |TAMS 0x0000000087c00000, 0x0000000087b00000| Untracked 
| 124|0x0000000087c00000, 0x0000000087d00000, 0x0000000087d00000|100%| O|  |TAMS 0x0000000087d00000, 0x0000000087c00000| Untracked 
| 125|0x0000000087d00000, 0x0000000087e00000, 0x0000000087e00000|100%| O|  |TAMS 0x0000000087e00000, 0x0000000087d00000| Untracked 
| 126|0x0000000087e00000, 0x0000000087f00000, 0x0000000087f00000|100%| O|  |TAMS 0x0000000087f00000, 0x0000000087e00000| Untracked 
| 127|0x0000000087f00000, 0x0000000088000000, 0x0000000088000000|100%| O|  |TAMS 0x0000000087f6b600, 0x0000000087f00000| Untracked 
| 128|0x0000000088000000, 0x0000000088100000, 0x0000000088100000|100%| O|  |TAMS 0x0000000088000000, 0x0000000088000000| Untracked 
| 129|0x0000000088100000, 0x0000000088200000, 0x0000000088200000|100%| O|  |TAMS 0x0000000088100000, 0x0000000088100000| Untracked 
| 130|0x0000000088200000, 0x0000000088300000, 0x0000000088300000|100%| O|  |TAMS 0x0000000088200000, 0x0000000088200000| Untracked 
| 131|0x0000000088300000, 0x0000000088400000, 0x0000000088400000|100%| O|  |TAMS 0x0000000088300000, 0x0000000088300000| Untracked 
| 132|0x0000000088400000, 0x0000000088500000, 0x0000000088500000|100%| O|  |TAMS 0x0000000088400000, 0x0000000088400000| Untracked 
| 133|0x0000000088500000, 0x0000000088600000, 0x0000000088600000|100%| O|  |TAMS 0x0000000088500000, 0x0000000088500000| Untracked 
| 134|0x0000000088600000, 0x0000000088700000, 0x0000000088700000|100%| O|  |TAMS 0x0000000088600000, 0x0000000088600000| Untracked 
| 135|0x0000000088700000, 0x0000000088800000, 0x0000000088800000|100%| O|  |TAMS 0x0000000088700000, 0x0000000088700000| Untracked 
| 136|0x0000000088800000, 0x0000000088900000, 0x0000000088900000|100%| O|  |TAMS 0x0000000088800000, 0x0000000088800000| Untracked 
| 137|0x0000000088900000, 0x0000000088a00000, 0x0000000088a00000|100%| O|  |TAMS 0x0000000088900000, 0x0000000088900000| Untracked 
| 138|0x0000000088a00000, 0x0000000088b00000, 0x0000000088b00000|100%| O|  |TAMS 0x0000000088a00000, 0x0000000088a00000| Untracked 
| 139|0x0000000088b00000, 0x0000000088c00000, 0x0000000088c00000|100%| O|  |TAMS 0x0000000088b00000, 0x0000000088b00000| Untracked 
| 140|0x0000000088c00000, 0x0000000088d00000, 0x0000000088d00000|100%| O|  |TAMS 0x0000000088c00000, 0x0000000088c00000| Untracked 
| 141|0x0000000088d00000, 0x0000000088e00000, 0x0000000088e00000|100%| O|  |TAMS 0x0000000088d00000, 0x0000000088d00000| Untracked 
| 142|0x0000000088e00000, 0x0000000088f00000, 0x0000000088f00000|100%| O|  |TAMS 0x0000000088e00000, 0x0000000088e00000| Untracked 
| 143|0x0000000088f00000, 0x0000000089000000, 0x0000000089000000|100%| O|  |TAMS 0x0000000088f00000, 0x0000000088f00000| Untracked 
| 144|0x0000000089000000, 0x0000000089100000, 0x0000000089100000|100%| O|  |TAMS 0x0000000089000000, 0x0000000089000000| Untracked 
| 145|0x0000000089100000, 0x0000000089200000, 0x0000000089200000|100%| O|  |TAMS 0x0000000089100000, 0x0000000089100000| Untracked 
| 146|0x0000000089200000, 0x0000000089300000, 0x0000000089300000|100%| O|  |TAMS 0x0000000089200000, 0x0000000089200000| Untracked 
| 147|0x0000000089300000, 0x0000000089400000, 0x0000000089400000|100%| O|  |TAMS 0x0000000089300000, 0x0000000089300000| Untracked 
| 148|0x0000000089400000, 0x0000000089500000, 0x0000000089500000|100%| O|  |TAMS 0x0000000089400000, 0x0000000089400000| Untracked 
| 149|0x0000000089500000, 0x0000000089600000, 0x0000000089600000|100%| O|  |TAMS 0x0000000089500000, 0x0000000089500000| Untracked 
| 150|0x0000000089600000, 0x0000000089700000, 0x0000000089700000|100%| O|  |TAMS 0x0000000089600000, 0x0000000089600000| Untracked 
| 151|0x0000000089700000, 0x0000000089800000, 0x0000000089800000|100%| O|  |TAMS 0x0000000089700000, 0x0000000089700000| Untracked 
| 152|0x0000000089800000, 0x0000000089900000, 0x0000000089900000|100%| O|  |TAMS 0x0000000089800000, 0x0000000089800000| Untracked 
| 153|0x0000000089900000, 0x0000000089a00000, 0x0000000089a00000|100%| O|  |TAMS 0x0000000089900000, 0x0000000089900000| Untracked 
| 154|0x0000000089a00000, 0x0000000089b00000, 0x0000000089b00000|100%| O|  |TAMS 0x0000000089a00000, 0x0000000089a00000| Untracked 
| 155|0x0000000089b00000, 0x0000000089c00000, 0x0000000089c00000|100%| O|  |TAMS 0x0000000089b00000, 0x0000000089b00000| Untracked 
| 156|0x0000000089c00000, 0x0000000089d00000, 0x0000000089d00000|100%| O|  |TAMS 0x0000000089c00000, 0x0000000089c00000| Untracked 
| 157|0x0000000089d00000, 0x0000000089e00000, 0x0000000089e00000|100%| O|  |TAMS 0x0000000089d00000, 0x0000000089d00000| Untracked 
| 158|0x0000000089e00000, 0x0000000089f00000, 0x0000000089f00000|100%| O|  |TAMS 0x0000000089e00000, 0x0000000089e00000| Untracked 
| 159|0x0000000089f00000, 0x000000008a000000, 0x000000008a000000|100%| O|  |TAMS 0x0000000089f00000, 0x0000000089f00000| Untracked 
| 160|0x000000008a000000, 0x000000008a100000, 0x000000008a100000|100%| O|  |TAMS 0x000000008a000000, 0x000000008a000000| Untracked 
| 161|0x000000008a100000, 0x000000008a200000, 0x000000008a200000|100%| O|  |TAMS 0x000000008a100000, 0x000000008a100000| Untracked 
| 162|0x000000008a200000, 0x000000008a300000, 0x000000008a300000|100%| O|  |TAMS 0x000000008a200000, 0x000000008a200000| Untracked 
| 163|0x000000008a300000, 0x000000008a400000, 0x000000008a400000|100%| O|  |TAMS 0x000000008a300000, 0x000000008a300000| Untracked 
| 164|0x000000008a400000, 0x000000008a500000, 0x000000008a500000|100%| O|  |TAMS 0x000000008a400000, 0x000000008a400000| Untracked 
| 165|0x000000008a500000, 0x000000008a600000, 0x000000008a600000|100%| O|  |TAMS 0x000000008a500000, 0x000000008a500000| Untracked 
| 166|0x000000008a600000, 0x000000008a700000, 0x000000008a700000|100%| O|  |TAMS 0x000000008a600000, 0x000000008a600000| Untracked 
| 167|0x000000008a700000, 0x000000008a800000, 0x000000008a800000|100%| O|  |TAMS 0x000000008a700000, 0x000000008a700000| Untracked 
| 168|0x000000008a800000, 0x000000008a900000, 0x000000008a900000|100%| O|  |TAMS 0x000000008a800000, 0x000000008a800000| Untracked 
| 169|0x000000008a900000, 0x000000008aa00000, 0x000000008aa00000|100%| O|  |TAMS 0x000000008a900000, 0x000000008a900000| Untracked 
| 170|0x000000008aa00000, 0x000000008ab00000, 0x000000008ab00000|100%| O|  |TAMS 0x000000008aa00000, 0x000000008aa00000| Untracked 
| 171|0x000000008ab00000, 0x000000008ac00000, 0x000000008ac00000|100%| O|  |TAMS 0x000000008ab00000, 0x000000008ab00000| Untracked 
| 172|0x000000008ac00000, 0x000000008ad00000, 0x000000008ad00000|100%| O|  |TAMS 0x000000008ac00000, 0x000000008ac00000| Untracked 
| 173|0x000000008ad00000, 0x000000008ae00000, 0x000000008ae00000|100%| O|  |TAMS 0x000000008ad00000, 0x000000008ad00000| Untracked 
| 174|0x000000008ae00000, 0x000000008af00000, 0x000000008af00000|100%| O|  |TAMS 0x000000008ae00000, 0x000000008ae00000| Untracked 
| 175|0x000000008af00000, 0x000000008b000000, 0x000000008b000000|100%| O|  |TAMS 0x000000008af00000, 0x000000008af00000| Untracked 
| 176|0x000000008b000000, 0x000000008b100000, 0x000000008b100000|100%| O|  |TAMS 0x000000008b000000, 0x000000008b000000| Untracked 
| 177|0x000000008b100000, 0x000000008b200000, 0x000000008b200000|100%| O|  |TAMS 0x000000008b100000, 0x000000008b100000| Untracked 
| 178|0x000000008b200000, 0x000000008b300000, 0x000000008b300000|100%| O|  |TAMS 0x000000008b200000, 0x000000008b200000| Untracked 
| 179|0x000000008b300000, 0x000000008b400000, 0x000000008b400000|100%| O|  |TAMS 0x000000008b300000, 0x000000008b300000| Untracked 
| 180|0x000000008b400000, 0x000000008b500000, 0x000000008b500000|100%| O|  |TAMS 0x000000008b400000, 0x000000008b400000| Untracked 
| 181|0x000000008b500000, 0x000000008b600000, 0x000000008b600000|100%| O|  |TAMS 0x000000008b500000, 0x000000008b500000| Untracked 
| 182|0x000000008b600000, 0x000000008b700000, 0x000000008b700000|100%| O|  |TAMS 0x000000008b600000, 0x000000008b600000| Untracked 
| 183|0x000000008b700000, 0x000000008b800000, 0x000000008b800000|100%| O|  |TAMS 0x000000008b700000, 0x000000008b700000| Untracked 
| 184|0x000000008b800000, 0x000000008b900000, 0x000000008b900000|100%| O|  |TAMS 0x000000008b800000, 0x000000008b800000| Untracked 
| 185|0x000000008b900000, 0x000000008ba00000, 0x000000008ba00000|100%| O|  |TAMS 0x000000008b900000, 0x000000008b900000| Untracked 
| 186|0x000000008ba00000, 0x000000008bb00000, 0x000000008bb00000|100%| O|  |TAMS 0x000000008ba00000, 0x000000008ba00000| Untracked 
| 187|0x000000008bb00000, 0x000000008bc00000, 0x000000008bc00000|100%| O|  |TAMS 0x000000008bb00000, 0x000000008bb00000| Untracked 
| 188|0x000000008bc00000, 0x000000008bd00000, 0x000000008bd00000|100%| O|  |TAMS 0x000000008bc00000, 0x000000008bc00000| Untracked 
| 189|0x000000008bd00000, 0x000000008be00000, 0x000000008be00000|100%| O|  |TAMS 0x000000008bd00000, 0x000000008bd00000| Untracked 
| 190|0x000000008be00000, 0x000000008bf00000, 0x000000008bf00000|100%| O|  |TAMS 0x000000008be00000, 0x000000008be00000| Untracked 
| 191|0x000000008bf00000, 0x000000008c000000, 0x000000008c000000|100%| O|  |TAMS 0x000000008bf00000, 0x000000008bf00000| Untracked 
| 192|0x000000008c000000, 0x000000008c100000, 0x000000008c100000|100%| O|  |TAMS 0x000000008c000000, 0x000000008c000000| Untracked 
| 193|0x000000008c100000, 0x000000008c200000, 0x000000008c200000|100%| O|  |TAMS 0x000000008c100000, 0x000000008c100000| Untracked 
| 194|0x000000008c200000, 0x000000008c300000, 0x000000008c300000|100%| O|  |TAMS 0x000000008c200000, 0x000000008c200000| Untracked 
| 195|0x000000008c300000, 0x000000008c400000, 0x000000008c400000|100%| O|  |TAMS 0x000000008c300000, 0x000000008c300000| Untracked 
| 196|0x000000008c400000, 0x000000008c500000, 0x000000008c500000|100%| O|  |TAMS 0x000000008c400000, 0x000000008c400000| Untracked 
| 197|0x000000008c500000, 0x000000008c600000, 0x000000008c600000|100%| O|  |TAMS 0x000000008c500000, 0x000000008c500000| Untracked 
| 198|0x000000008c600000, 0x000000008c700000, 0x000000008c700000|100%| O|  |TAMS 0x000000008c600000, 0x000000008c600000| Untracked 
| 199|0x000000008c700000, 0x000000008c800000, 0x000000008c800000|100%| O|  |TAMS 0x000000008c700000, 0x000000008c700000| Untracked 
| 200|0x000000008c800000, 0x000000008c900000, 0x000000008c900000|100%| O|  |TAMS 0x000000008c800000, 0x000000008c800000| Untracked 
| 201|0x000000008c900000, 0x000000008ca00000, 0x000000008ca00000|100%| O|  |TAMS 0x000000008c900000, 0x000000008c900000| Untracked 
| 202|0x000000008ca00000, 0x000000008cb00000, 0x000000008cb00000|100%| O|  |TAMS 0x000000008ca00000, 0x000000008ca00000| Untracked 
| 203|0x000000008cb00000, 0x000000008cc00000, 0x000000008cc00000|100%| O|  |TAMS 0x000000008cb00000, 0x000000008cb00000| Untracked 
| 204|0x000000008cc00000, 0x000000008cd00000, 0x000000008cd00000|100%| O|  |TAMS 0x000000008cc00000, 0x000000008cc00000| Untracked 
| 205|0x000000008cd00000, 0x000000008ce00000, 0x000000008ce00000|100%| O|  |TAMS 0x000000008cd00000, 0x000000008cd00000| Untracked 
| 206|0x000000008ce00000, 0x000000008cf00000, 0x000000008cf00000|100%| O|  |TAMS 0x000000008ce00000, 0x000000008ce00000| Untracked 
| 207|0x000000008cf00000, 0x000000008d000000, 0x000000008d000000|100%| O|  |TAMS 0x000000008cf00000, 0x000000008cf00000| Untracked 
| 208|0x000000008d000000, 0x000000008d100000, 0x000000008d100000|100%| O|  |TAMS 0x000000008d000000, 0x000000008d000000| Untracked 
| 209|0x000000008d100000, 0x000000008d200000, 0x000000008d200000|100%| O|  |TAMS 0x000000008d100000, 0x000000008d100000| Untracked 
| 210|0x000000008d200000, 0x000000008d300000, 0x000000008d300000|100%| O|  |TAMS 0x000000008d200000, 0x000000008d200000| Untracked 
| 211|0x000000008d300000, 0x000000008d400000, 0x000000008d400000|100%| O|  |TAMS 0x000000008d300000, 0x000000008d300000| Untracked 
| 212|0x000000008d400000, 0x000000008d500000, 0x000000008d500000|100%| O|  |TAMS 0x000000008d400000, 0x000000008d400000| Untracked 
| 213|0x000000008d500000, 0x000000008d600000, 0x000000008d600000|100%| O|  |TAMS 0x000000008d500000, 0x000000008d500000| Untracked 
| 214|0x000000008d600000, 0x000000008d700000, 0x000000008d700000|100%| O|  |TAMS 0x000000008d600000, 0x000000008d600000| Untracked 
| 215|0x000000008d700000, 0x000000008d800000, 0x000000008d800000|100%| O|  |TAMS 0x000000008d700000, 0x000000008d700000| Untracked 
| 216|0x000000008d800000, 0x000000008d900000, 0x000000008d900000|100%| O|  |TAMS 0x000000008d800000, 0x000000008d800000| Untracked 
| 217|0x000000008d900000, 0x000000008da00000, 0x000000008da00000|100%| O|  |TAMS 0x000000008d900000, 0x000000008d900000| Untracked 
| 218|0x000000008da00000, 0x000000008db00000, 0x000000008db00000|100%| O|  |TAMS 0x000000008da00000, 0x000000008da00000| Untracked 
| 219|0x000000008db00000, 0x000000008dc00000, 0x000000008dc00000|100%| O|  |TAMS 0x000000008db00000, 0x000000008db00000| Untracked 
| 220|0x000000008dc00000, 0x000000008dd00000, 0x000000008dd00000|100%| O|  |TAMS 0x000000008dc00000, 0x000000008dc00000| Untracked 
| 221|0x000000008dd00000, 0x000000008de00000, 0x000000008de00000|100%| O|  |TAMS 0x000000008dd00000, 0x000000008dd00000| Untracked 
| 222|0x000000008de00000, 0x000000008df00000, 0x000000008df00000|100%| O|  |TAMS 0x000000008de00000, 0x000000008de00000| Untracked 
| 223|0x000000008df00000, 0x000000008e000000, 0x000000008e000000|100%| O|  |TAMS 0x000000008df00000, 0x000000008df00000| Untracked 
| 224|0x000000008e000000, 0x000000008e100000, 0x000000008e100000|100%| O|  |TAMS 0x000000008e000000, 0x000000008e000000| Untracked 
| 225|0x000000008e100000, 0x000000008e200000, 0x000000008e200000|100%| O|  |TAMS 0x000000008e100000, 0x000000008e100000| Untracked 
| 226|0x000000008e200000, 0x000000008e300000, 0x000000008e300000|100%| O|  |TAMS 0x000000008e200000, 0x000000008e200000| Untracked 
| 227|0x000000008e300000, 0x000000008e400000, 0x000000008e400000|100%| O|  |TAMS 0x000000008e300000, 0x000000008e300000| Untracked 
| 228|0x000000008e400000, 0x000000008e500000, 0x000000008e500000|100%| O|  |TAMS 0x000000008e400000, 0x000000008e400000| Untracked 
| 229|0x000000008e500000, 0x000000008e600000, 0x000000008e600000|100%| O|  |TAMS 0x000000008e500000, 0x000000008e500000| Untracked 
| 230|0x000000008e600000, 0x000000008e700000, 0x000000008e700000|100%| O|  |TAMS 0x000000008e600000, 0x000000008e600000| Untracked 
| 231|0x000000008e700000, 0x000000008e800000, 0x000000008e800000|100%| O|  |TAMS 0x000000008e700000, 0x000000008e700000| Untracked 
| 232|0x000000008e800000, 0x000000008e900000, 0x000000008e900000|100%| O|  |TAMS 0x000000008e800000, 0x000000008e800000| Untracked 
| 233|0x000000008e900000, 0x000000008ea00000, 0x000000008ea00000|100%| O|  |TAMS 0x000000008e900000, 0x000000008e900000| Untracked 
| 234|0x000000008ea00000, 0x000000008eb00000, 0x000000008eb00000|100%| O|  |TAMS 0x000000008ea00000, 0x000000008ea00000| Untracked 
| 235|0x000000008eb00000, 0x000000008ec00000, 0x000000008ec00000|100%| O|  |TAMS 0x000000008eb00000, 0x000000008eb00000| Untracked 
| 236|0x000000008ec00000, 0x000000008ed00000, 0x000000008ed00000|100%| O|  |TAMS 0x000000008ec00000, 0x000000008ec00000| Untracked 
| 237|0x000000008ed00000, 0x000000008ee00000, 0x000000008ee00000|100%| O|  |TAMS 0x000000008ed00000, 0x000000008ed00000| Untracked 
| 238|0x000000008ee00000, 0x000000008ef00000, 0x000000008ef00000|100%| O|  |TAMS 0x000000008ee00000, 0x000000008ee00000| Untracked 
| 239|0x000000008ef00000, 0x000000008f000000, 0x000000008f000000|100%| O|  |TAMS 0x000000008ef00000, 0x000000008ef00000| Untracked 
| 240|0x000000008f000000, 0x000000008f100000, 0x000000008f100000|100%| O|  |TAMS 0x000000008f000000, 0x000000008f000000| Untracked 
| 241|0x000000008f100000, 0x000000008f200000, 0x000000008f200000|100%| O|  |TAMS 0x000000008f100000, 0x000000008f100000| Untracked 
| 242|0x000000008f200000, 0x000000008f300000, 0x000000008f300000|100%| O|  |TAMS 0x000000008f200000, 0x000000008f200000| Untracked 
| 243|0x000000008f300000, 0x000000008f400000, 0x000000008f400000|100%| O|  |TAMS 0x000000008f300000, 0x000000008f300000| Untracked 
| 244|0x000000008f400000, 0x000000008f500000, 0x000000008f500000|100%| O|  |TAMS 0x000000008f400000, 0x000000008f400000| Untracked 
| 245|0x000000008f500000, 0x000000008f600000, 0x000000008f600000|100%| O|  |TAMS 0x000000008f500000, 0x000000008f500000| Untracked 
| 246|0x000000008f600000, 0x000000008f700000, 0x000000008f700000|100%| O|  |TAMS 0x000000008f600000, 0x000000008f600000| Untracked 
| 247|0x000000008f700000, 0x000000008f800000, 0x000000008f800000|100%| O|  |TAMS 0x000000008f700000, 0x000000008f700000| Untracked 
| 248|0x000000008f800000, 0x000000008f900000, 0x000000008f900000|100%| O|  |TAMS 0x000000008f800000, 0x000000008f800000| Untracked 
| 249|0x000000008f900000, 0x000000008fa00000, 0x000000008fa00000|100%| O|  |TAMS 0x000000008f900000, 0x000000008f900000| Untracked 
| 250|0x000000008fa00000, 0x000000008fb00000, 0x000000008fb00000|100%|HS|  |TAMS 0x000000008fa00000, 0x000000008fa00000| Complete 
| 251|0x000000008fb00000, 0x000000008fc00000, 0x000000008fc00000|100%| O|  |TAMS 0x000000008fb00000, 0x000000008fb00000| Untracked 
| 252|0x000000008fc00000, 0x000000008fd00000, 0x000000008fd00000|100%| O|  |TAMS 0x000000008fc00000, 0x000000008fc00000| Untracked 
| 253|0x000000008fd00000, 0x000000008fe00000, 0x000000008fe00000|100%| O|  |TAMS 0x000000008fd00000, 0x000000008fd00000| Untracked 
| 254|0x000000008fe00000, 0x000000008ff00000, 0x000000008ff00000|100%| O|  |TAMS 0x000000008fe00000, 0x000000008fe00000| Untracked 
| 255|0x000000008ff00000, 0x0000000090000000, 0x0000000090000000|100%| O|  |TAMS 0x000000008ff00000, 0x000000008ff00000| Untracked 
| 256|0x0000000090000000, 0x0000000090100000, 0x0000000090100000|100%| O|  |TAMS 0x0000000090000000, 0x0000000090000000| Untracked 
| 257|0x0000000090100000, 0x0000000090200000, 0x0000000090200000|100%| O|  |TAMS 0x0000000090100000, 0x0000000090100000| Untracked 
| 258|0x0000000090200000, 0x0000000090300000, 0x0000000090300000|100%| O|  |TAMS 0x0000000090200000, 0x0000000090200000| Untracked 
| 259|0x0000000090300000, 0x0000000090400000, 0x0000000090400000|100%| O|  |TAMS 0x0000000090300000, 0x0000000090300000| Untracked 
| 260|0x0000000090400000, 0x0000000090500000, 0x0000000090500000|100%| O|  |TAMS 0x0000000090400000, 0x0000000090400000| Untracked 
| 261|0x0000000090500000, 0x0000000090600000, 0x0000000090600000|100%| O|  |TAMS 0x0000000090500000, 0x0000000090500000| Untracked 
| 262|0x0000000090600000, 0x0000000090700000, 0x0000000090700000|100%| O|  |TAMS 0x0000000090600000, 0x0000000090600000| Untracked 
| 263|0x0000000090700000, 0x0000000090800000, 0x0000000090800000|100%| O|  |TAMS 0x0000000090700000, 0x0000000090700000| Untracked 
| 264|0x0000000090800000, 0x0000000090900000, 0x0000000090900000|100%| O|  |TAMS 0x0000000090800000, 0x0000000090800000| Untracked 
| 265|0x0000000090900000, 0x0000000090a00000, 0x0000000090a00000|100%| O|  |TAMS 0x0000000090900000, 0x0000000090900000| Untracked 
| 266|0x0000000090a00000, 0x0000000090b00000, 0x0000000090b00000|100%| O|  |TAMS 0x0000000090a00000, 0x0000000090a00000| Untracked 
| 267|0x0000000090b00000, 0x0000000090c00000, 0x0000000090c00000|100%| O|  |TAMS 0x0000000090b00000, 0x0000000090b00000| Untracked 
| 268|0x0000000090c00000, 0x0000000090d00000, 0x0000000090d00000|100%| O|  |TAMS 0x0000000090c00000, 0x0000000090c00000| Untracked 
| 269|0x0000000090d00000, 0x0000000090e00000, 0x0000000090e00000|100%| O|  |TAMS 0x0000000090d00000, 0x0000000090d00000| Untracked 
| 270|0x0000000090e00000, 0x0000000090f00000, 0x0000000090f00000|100%| O|  |TAMS 0x0000000090e00000, 0x0000000090e00000| Untracked 
| 271|0x0000000090f00000, 0x0000000091000000, 0x0000000091000000|100%| O|  |TAMS 0x0000000090f00000, 0x0000000090f00000| Untracked 
| 272|0x0000000091000000, 0x0000000091100000, 0x0000000091100000|100%| O|  |TAMS 0x0000000091000000, 0x0000000091000000| Untracked 
| 273|0x0000000091100000, 0x0000000091200000, 0x0000000091200000|100%| O|  |TAMS 0x0000000091100000, 0x0000000091100000| Untracked 
| 274|0x0000000091200000, 0x0000000091300000, 0x0000000091300000|100%| O|  |TAMS 0x0000000091200000, 0x0000000091200000| Untracked 
| 275|0x0000000091300000, 0x0000000091400000, 0x0000000091400000|100%| O|  |TAMS 0x0000000091300000, 0x0000000091300000| Untracked 
| 276|0x0000000091400000, 0x0000000091500000, 0x0000000091500000|100%| O|  |TAMS 0x0000000091400000, 0x0000000091400000| Untracked 
| 277|0x0000000091500000, 0x0000000091600000, 0x0000000091600000|100%| O|  |TAMS 0x0000000091500000, 0x0000000091500000| Untracked 
| 278|0x0000000091600000, 0x0000000091700000, 0x0000000091700000|100%| O|  |TAMS 0x0000000091600000, 0x0000000091600000| Untracked 
| 279|0x0000000091700000, 0x0000000091800000, 0x0000000091800000|100%| O|  |TAMS 0x0000000091700000, 0x0000000091700000| Untracked 
| 280|0x0000000091800000, 0x0000000091900000, 0x0000000091900000|100%| O|  |TAMS 0x0000000091800000, 0x0000000091800000| Untracked 
| 281|0x0000000091900000, 0x0000000091a00000, 0x0000000091a00000|100%| O|  |TAMS 0x0000000091900000, 0x0000000091900000| Untracked 
| 282|0x0000000091a00000, 0x0000000091b00000, 0x0000000091b00000|100%| O|  |TAMS 0x0000000091a00000, 0x0000000091a00000| Untracked 
| 283|0x0000000091b00000, 0x0000000091c00000, 0x0000000091c00000|100%| O|  |TAMS 0x0000000091b00000, 0x0000000091b00000| Untracked 
| 284|0x0000000091c00000, 0x0000000091d00000, 0x0000000091d00000|100%| O|  |TAMS 0x0000000091c00000, 0x0000000091c00000| Untracked 
| 285|0x0000000091d00000, 0x0000000091e00000, 0x0000000091e00000|100%| O|  |TAMS 0x0000000091d00000, 0x0000000091d00000| Untracked 
| 286|0x0000000091e00000, 0x0000000091e3e200, 0x0000000091f00000| 24%| O|  |TAMS 0x0000000091e00000, 0x0000000091e00000| Untracked 
| 287|0x0000000091f00000, 0x0000000091f00000, 0x0000000092000000|  0%| F|  |TAMS 0x0000000091f00000, 0x0000000091f00000| Untracked 
| 288|0x0000000092000000, 0x0000000092000000, 0x0000000092100000|  0%| F|  |TAMS 0x0000000092000000, 0x0000000092000000| Untracked 
| 289|0x0000000092100000, 0x0000000092100000, 0x0000000092200000|  0%| F|  |TAMS 0x0000000092100000, 0x0000000092100000| Untracked 
| 290|0x0000000092200000, 0x0000000092200000, 0x0000000092300000|  0%| F|  |TAMS 0x0000000092200000, 0x0000000092200000| Untracked 
| 291|0x0000000092300000, 0x0000000092300000, 0x0000000092400000|  0%| F|  |TAMS 0x0000000092300000, 0x0000000092300000| Untracked 
| 292|0x0000000092400000, 0x0000000092400000, 0x0000000092500000|  0%| F|  |TAMS 0x0000000092400000, 0x0000000092400000| Untracked 
| 293|0x0000000092500000, 0x0000000092500000, 0x0000000092600000|  0%| F|  |TAMS 0x0000000092500000, 0x0000000092500000| Untracked 
| 294|0x0000000092600000, 0x0000000092600000, 0x0000000092700000|  0%| F|  |TAMS 0x0000000092600000, 0x0000000092600000| Untracked 
| 295|0x0000000092700000, 0x0000000092700000, 0x0000000092800000|  0%| F|  |TAMS 0x0000000092700000, 0x0000000092700000| Untracked 
| 296|0x0000000092800000, 0x0000000092800000, 0x0000000092900000|  0%| F|  |TAMS 0x0000000092800000, 0x0000000092800000| Untracked 
| 297|0x0000000092900000, 0x0000000092900000, 0x0000000092a00000|  0%| F|  |TAMS 0x0000000092900000, 0x0000000092900000| Untracked 
| 298|0x0000000092a00000, 0x0000000092a00000, 0x0000000092b00000|  0%| F|  |TAMS 0x0000000092a00000, 0x0000000092a00000| Untracked 
| 299|0x0000000092b00000, 0x0000000092b00000, 0x0000000092c00000|  0%| F|  |TAMS 0x0000000092b00000, 0x0000000092b00000| Untracked 
| 300|0x0000000092c00000, 0x0000000092c00000, 0x0000000092d00000|  0%| F|  |TAMS 0x0000000092c00000, 0x0000000092c00000| Untracked 
| 301|0x0000000092d00000, 0x0000000092d00000, 0x0000000092e00000|  0%| F|  |TAMS 0x0000000092d00000, 0x0000000092d00000| Untracked 
| 302|0x0000000092e00000, 0x0000000092e00000, 0x0000000092f00000|  0%| F|  |TAMS 0x0000000092e00000, 0x0000000092e00000| Untracked 
| 303|0x0000000092f00000, 0x0000000092f00000, 0x0000000093000000|  0%| F|  |TAMS 0x0000000092f00000, 0x0000000092f00000| Untracked 
| 304|0x0000000093000000, 0x0000000093000000, 0x0000000093100000|  0%| F|  |TAMS 0x0000000093000000, 0x0000000093000000| Untracked 
| 305|0x0000000093100000, 0x0000000093100000, 0x0000000093200000|  0%| F|  |TAMS 0x0000000093100000, 0x0000000093100000| Untracked 
| 306|0x0000000093200000, 0x0000000093200000, 0x0000000093300000|  0%| F|  |TAMS 0x0000000093200000, 0x0000000093200000| Untracked 
| 307|0x0000000093300000, 0x0000000093300000, 0x0000000093400000|  0%| F|  |TAMS 0x0000000093300000, 0x0000000093300000| Untracked 
| 308|0x0000000093400000, 0x0000000093400000, 0x0000000093500000|  0%| F|  |TAMS 0x0000000093400000, 0x0000000093400000| Untracked 
| 309|0x0000000093500000, 0x0000000093500000, 0x0000000093600000|  0%| F|  |TAMS 0x0000000093500000, 0x0000000093500000| Untracked 
| 310|0x0000000093600000, 0x0000000093600000, 0x0000000093700000|  0%| F|  |TAMS 0x0000000093600000, 0x0000000093600000| Untracked 
| 311|0x0000000093700000, 0x0000000093700000, 0x0000000093800000|  0%| F|  |TAMS 0x0000000093700000, 0x0000000093700000| Untracked 
| 312|0x0000000093800000, 0x0000000093800000, 0x0000000093900000|  0%| F|  |TAMS 0x0000000093800000, 0x0000000093800000| Untracked 
| 313|0x0000000093900000, 0x0000000093900000, 0x0000000093a00000|  0%| F|  |TAMS 0x0000000093900000, 0x0000000093900000| Untracked 
| 314|0x0000000093a00000, 0x0000000093a00000, 0x0000000093b00000|  0%| F|  |TAMS 0x0000000093a00000, 0x0000000093a00000| Untracked 
| 315|0x0000000093b00000, 0x0000000093b00000, 0x0000000093c00000|  0%| F|  |TAMS 0x0000000093b00000, 0x0000000093b00000| Untracked 
| 316|0x0000000093c00000, 0x0000000093c00000, 0x0000000093d00000|  0%| F|  |TAMS 0x0000000093c00000, 0x0000000093c00000| Untracked 
| 317|0x0000000093d00000, 0x0000000093d00000, 0x0000000093e00000|  0%| F|  |TAMS 0x0000000093d00000, 0x0000000093d00000| Untracked 
| 318|0x0000000093e00000, 0x0000000093e00000, 0x0000000093f00000|  0%| F|  |TAMS 0x0000000093e00000, 0x0000000093e00000| Untracked 
| 319|0x0000000093f00000, 0x0000000093f00000, 0x0000000094000000|  0%| F|  |TAMS 0x0000000093f00000, 0x0000000093f00000| Untracked 
| 320|0x0000000094000000, 0x0000000094000000, 0x0000000094100000|  0%| F|  |TAMS 0x0000000094000000, 0x0000000094000000| Untracked 
| 321|0x0000000094100000, 0x0000000094100000, 0x0000000094200000|  0%| F|  |TAMS 0x0000000094100000, 0x0000000094100000| Untracked 
| 322|0x0000000094200000, 0x0000000094200000, 0x0000000094300000|  0%| F|  |TAMS 0x0000000094200000, 0x0000000094200000| Untracked 
| 323|0x0000000094300000, 0x0000000094300000, 0x0000000094400000|  0%| F|  |TAMS 0x0000000094300000, 0x0000000094300000| Untracked 
| 324|0x0000000094400000, 0x0000000094400000, 0x0000000094500000|  0%| F|  |TAMS 0x0000000094400000, 0x0000000094400000| Untracked 
| 325|0x0000000094500000, 0x0000000094500000, 0x0000000094600000|  0%| F|  |TAMS 0x0000000094500000, 0x0000000094500000| Untracked 
| 326|0x0000000094600000, 0x0000000094600000, 0x0000000094700000|  0%| F|  |TAMS 0x0000000094600000, 0x0000000094600000| Untracked 
| 327|0x0000000094700000, 0x0000000094700000, 0x0000000094800000|  0%| F|  |TAMS 0x0000000094700000, 0x0000000094700000| Untracked 
| 328|0x0000000094800000, 0x0000000094800000, 0x0000000094900000|  0%| F|  |TAMS 0x0000000094800000, 0x0000000094800000| Untracked 
| 329|0x0000000094900000, 0x0000000094900000, 0x0000000094a00000|  0%| F|  |TAMS 0x0000000094900000, 0x0000000094900000| Untracked 
| 330|0x0000000094a00000, 0x0000000094a00000, 0x0000000094b00000|  0%| F|  |TAMS 0x0000000094a00000, 0x0000000094a00000| Untracked 
| 331|0x0000000094b00000, 0x0000000094b00000, 0x0000000094c00000|  0%| F|  |TAMS 0x0000000094b00000, 0x0000000094b00000| Untracked 
| 332|0x0000000094c00000, 0x0000000094c00000, 0x0000000094d00000|  0%| F|  |TAMS 0x0000000094c00000, 0x0000000094c00000| Untracked 
| 333|0x0000000094d00000, 0x0000000094d00000, 0x0000000094e00000|  0%| F|  |TAMS 0x0000000094d00000, 0x0000000094d00000| Untracked 
| 334|0x0000000094e00000, 0x0000000094e00000, 0x0000000094f00000|  0%| F|  |TAMS 0x0000000094e00000, 0x0000000094e00000| Untracked 
| 335|0x0000000094f00000, 0x0000000094f00000, 0x0000000095000000|  0%| F|  |TAMS 0x0000000094f00000, 0x0000000094f00000| Untracked 
| 336|0x0000000095000000, 0x0000000095000000, 0x0000000095100000|  0%| F|  |TAMS 0x0000000095000000, 0x0000000095000000| Untracked 
| 337|0x0000000095100000, 0x0000000095100000, 0x0000000095200000|  0%| F|  |TAMS 0x0000000095100000, 0x0000000095100000| Untracked 
| 338|0x0000000095200000, 0x0000000095200000, 0x0000000095300000|  0%| F|  |TAMS 0x0000000095200000, 0x0000000095200000| Untracked 
| 339|0x0000000095300000, 0x0000000095300000, 0x0000000095400000|  0%| F|  |TAMS 0x0000000095300000, 0x0000000095300000| Untracked 
| 340|0x0000000095400000, 0x0000000095400000, 0x0000000095500000|  0%| F|  |TAMS 0x0000000095400000, 0x0000000095400000| Untracked 
| 341|0x0000000095500000, 0x0000000095500000, 0x0000000095600000|  0%| F|  |TAMS 0x0000000095500000, 0x0000000095500000| Untracked 
| 342|0x0000000095600000, 0x0000000095600000, 0x0000000095700000|  0%| F|  |TAMS 0x0000000095600000, 0x0000000095600000| Untracked 
| 343|0x0000000095700000, 0x0000000095780000, 0x0000000095800000| 50%| S|CS|TAMS 0x0000000095700000, 0x0000000095700000| Complete 
| 344|0x0000000095800000, 0x0000000095900000, 0x0000000095900000|100%| S|CS|TAMS 0x0000000095800000, 0x0000000095800000| Complete 
| 345|0x0000000095900000, 0x0000000095900000, 0x0000000095a00000|  0%| F|  |TAMS 0x0000000095900000, 0x0000000095900000| Untracked 
| 346|0x0000000095a00000, 0x0000000095a00000, 0x0000000095b00000|  0%| F|  |TAMS 0x0000000095a00000, 0x0000000095a00000| Untracked 
| 347|0x0000000095b00000, 0x0000000095b00000, 0x0000000095c00000|  0%| F|  |TAMS 0x0000000095b00000, 0x0000000095b00000| Untracked 
| 348|0x0000000095c00000, 0x0000000095c00000, 0x0000000095d00000|  0%| F|  |TAMS 0x0000000095c00000, 0x0000000095c00000| Untracked 
| 349|0x0000000095d00000, 0x0000000095e00000, 0x0000000095e00000|100%| S|CS|TAMS 0x0000000095d00000, 0x0000000095d00000| Complete 
| 350|0x0000000095e00000, 0x0000000095e00000, 0x0000000095f00000|  0%| F|  |TAMS 0x0000000095e00000, 0x0000000095e00000| Untracked 
| 351|0x0000000095f00000, 0x0000000095f00000, 0x0000000096000000|  0%| F|  |TAMS 0x0000000095f00000, 0x0000000095f00000| Untracked 
| 352|0x0000000096000000, 0x0000000096000000, 0x0000000096100000|  0%| F|  |TAMS 0x0000000096000000, 0x0000000096000000| Untracked 
| 353|0x0000000096100000, 0x0000000096100000, 0x0000000096200000|  0%| F|  |TAMS 0x0000000096100000, 0x0000000096100000| Untracked 
| 354|0x0000000096200000, 0x0000000096200000, 0x0000000096300000|  0%| F|  |TAMS 0x0000000096200000, 0x0000000096200000| Untracked 
| 355|0x0000000096300000, 0x0000000096300000, 0x0000000096400000|  0%| F|  |TAMS 0x0000000096300000, 0x0000000096300000| Untracked 
| 356|0x0000000096400000, 0x0000000096400000, 0x0000000096500000|  0%| F|  |TAMS 0x0000000096400000, 0x0000000096400000| Untracked 
| 357|0x0000000096500000, 0x0000000096500000, 0x0000000096600000|  0%| F|  |TAMS 0x0000000096500000, 0x0000000096500000| Untracked 
| 358|0x0000000096600000, 0x0000000096600000, 0x0000000096700000|  0%| F|  |TAMS 0x0000000096600000, 0x0000000096600000| Untracked 
| 359|0x0000000096700000, 0x0000000096700000, 0x0000000096800000|  0%| F|  |TAMS 0x0000000096700000, 0x0000000096700000| Untracked 
| 360|0x0000000096800000, 0x0000000096800000, 0x0000000096900000|  0%| F|  |TAMS 0x0000000096800000, 0x0000000096800000| Untracked 
| 361|0x0000000096900000, 0x0000000096900000, 0x0000000096a00000|  0%| F|  |TAMS 0x0000000096900000, 0x0000000096900000| Untracked 
| 362|0x0000000096a00000, 0x0000000096a00000, 0x0000000096b00000|  0%| F|  |TAMS 0x0000000096a00000, 0x0000000096a00000| Untracked 
| 363|0x0000000096b00000, 0x0000000096b00000, 0x0000000096c00000|  0%| F|  |TAMS 0x0000000096b00000, 0x0000000096b00000| Untracked 
| 364|0x0000000096c00000, 0x0000000096c00000, 0x0000000096d00000|  0%| F|  |TAMS 0x0000000096c00000, 0x0000000096c00000| Untracked 
| 365|0x0000000096d00000, 0x0000000096d00000, 0x0000000096e00000|  0%| F|  |TAMS 0x0000000096d00000, 0x0000000096d00000| Untracked 
| 366|0x0000000096e00000, 0x0000000096e00000, 0x0000000096f00000|  0%| F|  |TAMS 0x0000000096e00000, 0x0000000096e00000| Untracked 
| 367|0x0000000096f00000, 0x0000000096f00000, 0x0000000097000000|  0%| F|  |TAMS 0x0000000096f00000, 0x0000000096f00000| Untracked 
| 368|0x0000000097000000, 0x0000000097000000, 0x0000000097100000|  0%| F|  |TAMS 0x0000000097000000, 0x0000000097000000| Untracked 
| 369|0x0000000097100000, 0x0000000097100000, 0x0000000097200000|  0%| F|  |TAMS 0x0000000097100000, 0x0000000097100000| Untracked 
| 370|0x0000000097200000, 0x0000000097200000, 0x0000000097300000|  0%| F|  |TAMS 0x0000000097200000, 0x0000000097200000| Untracked 
| 371|0x0000000097300000, 0x0000000097300000, 0x0000000097400000|  0%| F|  |TAMS 0x0000000097300000, 0x0000000097300000| Untracked 
| 372|0x0000000097400000, 0x0000000097400000, 0x0000000097500000|  0%| F|  |TAMS 0x0000000097400000, 0x0000000097400000| Untracked 
| 373|0x0000000097500000, 0x0000000097500000, 0x0000000097600000|  0%| F|  |TAMS 0x0000000097500000, 0x0000000097500000| Untracked 
| 374|0x0000000097600000, 0x0000000097600000, 0x0000000097700000|  0%| F|  |TAMS 0x0000000097600000, 0x0000000097600000| Untracked 
| 375|0x0000000097700000, 0x0000000097700000, 0x0000000097800000|  0%| F|  |TAMS 0x0000000097700000, 0x0000000097700000| Untracked 
| 376|0x0000000097800000, 0x0000000097800000, 0x0000000097900000|  0%| F|  |TAMS 0x0000000097800000, 0x0000000097800000| Untracked 
| 377|0x0000000097900000, 0x0000000097900000, 0x0000000097a00000|  0%| F|  |TAMS 0x0000000097900000, 0x0000000097900000| Untracked 
| 378|0x0000000097a00000, 0x0000000097a00000, 0x0000000097b00000|  0%| F|  |TAMS 0x0000000097a00000, 0x0000000097a00000| Untracked 
| 379|0x0000000097b00000, 0x0000000097b00000, 0x0000000097c00000|  0%| F|  |TAMS 0x0000000097b00000, 0x0000000097b00000| Untracked 
| 380|0x0000000097c00000, 0x0000000097c00000, 0x0000000097d00000|  0%| F|  |TAMS 0x0000000097c00000, 0x0000000097c00000| Untracked 
| 381|0x0000000097d00000, 0x0000000097d00000, 0x0000000097e00000|  0%| F|  |TAMS 0x0000000097d00000, 0x0000000097d00000| Untracked 
| 382|0x0000000097e00000, 0x0000000097e00000, 0x0000000097f00000|  0%| F|  |TAMS 0x0000000097e00000, 0x0000000097e00000| Untracked 
| 383|0x0000000097f00000, 0x0000000097f00000, 0x0000000098000000|  0%| F|  |TAMS 0x0000000097f00000, 0x0000000097f00000| Untracked 
| 384|0x0000000098000000, 0x0000000098000000, 0x0000000098100000|  0%| F|  |TAMS 0x0000000098000000, 0x0000000098000000| Untracked 
| 385|0x0000000098100000, 0x0000000098100000, 0x0000000098200000|  0%| F|  |TAMS 0x0000000098100000, 0x0000000098100000| Untracked 
| 386|0x0000000098200000, 0x0000000098200000, 0x0000000098300000|  0%| F|  |TAMS 0x0000000098200000, 0x0000000098200000| Untracked 
| 387|0x0000000098300000, 0x0000000098300000, 0x0000000098400000|  0%| F|  |TAMS 0x0000000098300000, 0x0000000098300000| Untracked 
| 388|0x0000000098400000, 0x0000000098400000, 0x0000000098500000|  0%| F|  |TAMS 0x0000000098400000, 0x0000000098400000| Untracked 
| 389|0x0000000098500000, 0x0000000098500000, 0x0000000098600000|  0%| F|  |TAMS 0x0000000098500000, 0x0000000098500000| Untracked 
| 390|0x0000000098600000, 0x0000000098600000, 0x0000000098700000|  0%| F|  |TAMS 0x0000000098600000, 0x0000000098600000| Untracked 
| 391|0x0000000098700000, 0x0000000098700000, 0x0000000098800000|  0%| F|  |TAMS 0x0000000098700000, 0x0000000098700000| Untracked 
| 392|0x0000000098800000, 0x0000000098800000, 0x0000000098900000|  0%| F|  |TAMS 0x0000000098800000, 0x0000000098800000| Untracked 
| 393|0x0000000098900000, 0x0000000098900000, 0x0000000098a00000|  0%| F|  |TAMS 0x0000000098900000, 0x0000000098900000| Untracked 
| 394|0x0000000098a00000, 0x0000000098a00000, 0x0000000098b00000|  0%| F|  |TAMS 0x0000000098a00000, 0x0000000098a00000| Untracked 
| 395|0x0000000098b00000, 0x0000000098b00000, 0x0000000098c00000|  0%| F|  |TAMS 0x0000000098b00000, 0x0000000098b00000| Untracked 
| 396|0x0000000098c00000, 0x0000000098c00000, 0x0000000098d00000|  0%| F|  |TAMS 0x0000000098c00000, 0x0000000098c00000| Untracked 
| 397|0x0000000098d00000, 0x0000000098d00000, 0x0000000098e00000|  0%| F|  |TAMS 0x0000000098d00000, 0x0000000098d00000| Untracked 
| 398|0x0000000098e00000, 0x0000000098e00000, 0x0000000098f00000|  0%| F|  |TAMS 0x0000000098e00000, 0x0000000098e00000| Untracked 
| 399|0x0000000098f00000, 0x0000000098f00000, 0x0000000099000000|  0%| F|  |TAMS 0x0000000098f00000, 0x0000000098f00000| Untracked 
| 400|0x0000000099000000, 0x0000000099000000, 0x0000000099100000|  0%| F|  |TAMS 0x0000000099000000, 0x0000000099000000| Untracked 
| 401|0x0000000099100000, 0x0000000099100000, 0x0000000099200000|  0%| F|  |TAMS 0x0000000099100000, 0x0000000099100000| Untracked 
| 402|0x0000000099200000, 0x0000000099200000, 0x0000000099300000|  0%| F|  |TAMS 0x0000000099200000, 0x0000000099200000| Untracked 
| 403|0x0000000099300000, 0x0000000099300000, 0x0000000099400000|  0%| F|  |TAMS 0x0000000099300000, 0x0000000099300000| Untracked 
| 404|0x0000000099400000, 0x0000000099400000, 0x0000000099500000|  0%| F|  |TAMS 0x0000000099400000, 0x0000000099400000| Untracked 
| 405|0x0000000099500000, 0x0000000099500000, 0x0000000099600000|  0%| F|  |TAMS 0x0000000099500000, 0x0000000099500000| Untracked 
| 406|0x0000000099600000, 0x0000000099600000, 0x0000000099700000|  0%| F|  |TAMS 0x0000000099600000, 0x0000000099600000| Untracked 
| 407|0x0000000099700000, 0x0000000099700000, 0x0000000099800000|  0%| F|  |TAMS 0x0000000099700000, 0x0000000099700000| Untracked 
| 408|0x0000000099800000, 0x0000000099800000, 0x0000000099900000|  0%| F|  |TAMS 0x0000000099800000, 0x0000000099800000| Untracked 
| 409|0x0000000099900000, 0x0000000099900000, 0x0000000099a00000|  0%| F|  |TAMS 0x0000000099900000, 0x0000000099900000| Untracked 
| 410|0x0000000099a00000, 0x0000000099a00000, 0x0000000099b00000|  0%| F|  |TAMS 0x0000000099a00000, 0x0000000099a00000| Untracked 
| 411|0x0000000099b00000, 0x0000000099b00000, 0x0000000099c00000|  0%| F|  |TAMS 0x0000000099b00000, 0x0000000099b00000| Untracked 
| 412|0x0000000099c00000, 0x0000000099c00000, 0x0000000099d00000|  0%| F|  |TAMS 0x0000000099c00000, 0x0000000099c00000| Untracked 
| 413|0x0000000099d00000, 0x0000000099d00000, 0x0000000099e00000|  0%| F|  |TAMS 0x0000000099d00000, 0x0000000099d00000| Untracked 
| 414|0x0000000099e00000, 0x0000000099e00000, 0x0000000099f00000|  0%| F|  |TAMS 0x0000000099e00000, 0x0000000099e00000| Untracked 
| 415|0x0000000099f00000, 0x0000000099f00000, 0x000000009a000000|  0%| F|  |TAMS 0x0000000099f00000, 0x0000000099f00000| Untracked 
| 416|0x000000009a000000, 0x000000009a000000, 0x000000009a100000|  0%| F|  |TAMS 0x000000009a000000, 0x000000009a000000| Untracked 
| 417|0x000000009a100000, 0x000000009a100000, 0x000000009a200000|  0%| F|  |TAMS 0x000000009a100000, 0x000000009a100000| Untracked 
| 418|0x000000009a200000, 0x000000009a200000, 0x000000009a300000|  0%| F|  |TAMS 0x000000009a200000, 0x000000009a200000| Untracked 
| 419|0x000000009a300000, 0x000000009a300000, 0x000000009a400000|  0%| F|  |TAMS 0x000000009a300000, 0x000000009a300000| Untracked 
| 420|0x000000009a400000, 0x000000009a400000, 0x000000009a500000|  0%| F|  |TAMS 0x000000009a400000, 0x000000009a400000| Untracked 
| 421|0x000000009a500000, 0x000000009a500000, 0x000000009a600000|  0%| F|  |TAMS 0x000000009a500000, 0x000000009a500000| Untracked 
| 422|0x000000009a600000, 0x000000009a600000, 0x000000009a700000|  0%| F|  |TAMS 0x000000009a600000, 0x000000009a600000| Untracked 
| 423|0x000000009a700000, 0x000000009a700000, 0x000000009a800000|  0%| F|  |TAMS 0x000000009a700000, 0x000000009a700000| Untracked 
| 424|0x000000009a800000, 0x000000009a800000, 0x000000009a900000|  0%| F|  |TAMS 0x000000009a800000, 0x000000009a800000| Untracked 
| 425|0x000000009a900000, 0x000000009a900000, 0x000000009aa00000|  0%| F|  |TAMS 0x000000009a900000, 0x000000009a900000| Untracked 
| 426|0x000000009aa00000, 0x000000009aa00000, 0x000000009ab00000|  0%| F|  |TAMS 0x000000009aa00000, 0x000000009aa00000| Untracked 
| 427|0x000000009ab00000, 0x000000009ab00000, 0x000000009ac00000|  0%| F|  |TAMS 0x000000009ab00000, 0x000000009ab00000| Untracked 
| 428|0x000000009ac00000, 0x000000009ac00000, 0x000000009ad00000|  0%| F|  |TAMS 0x000000009ac00000, 0x000000009ac00000| Untracked 
| 429|0x000000009ad00000, 0x000000009ad00000, 0x000000009ae00000|  0%| F|  |TAMS 0x000000009ad00000, 0x000000009ad00000| Untracked 
| 430|0x000000009ae00000, 0x000000009ae00000, 0x000000009af00000|  0%| F|  |TAMS 0x000000009ae00000, 0x000000009ae00000| Untracked 
| 431|0x000000009af00000, 0x000000009af00000, 0x000000009b000000|  0%| F|  |TAMS 0x000000009af00000, 0x000000009af00000| Untracked 
| 432|0x000000009b000000, 0x000000009b000000, 0x000000009b100000|  0%| F|  |TAMS 0x000000009b000000, 0x000000009b000000| Untracked 
| 433|0x000000009b100000, 0x000000009b100000, 0x000000009b200000|  0%| F|  |TAMS 0x000000009b100000, 0x000000009b100000| Untracked 
| 434|0x000000009b200000, 0x000000009b200000, 0x000000009b300000|  0%| F|  |TAMS 0x000000009b200000, 0x000000009b200000| Untracked 
| 435|0x000000009b300000, 0x000000009b300000, 0x000000009b400000|  0%| F|  |TAMS 0x000000009b300000, 0x000000009b300000| Untracked 
| 436|0x000000009b400000, 0x000000009b400000, 0x000000009b500000|  0%| F|  |TAMS 0x000000009b400000, 0x000000009b400000| Untracked 
| 437|0x000000009b500000, 0x000000009b500000, 0x000000009b600000|  0%| F|  |TAMS 0x000000009b500000, 0x000000009b500000| Untracked 
| 438|0x000000009b600000, 0x000000009b600000, 0x000000009b700000|  0%| F|  |TAMS 0x000000009b600000, 0x000000009b600000| Untracked 
| 439|0x000000009b700000, 0x000000009b700000, 0x000000009b800000|  0%| F|  |TAMS 0x000000009b700000, 0x000000009b700000| Untracked 
| 440|0x000000009b800000, 0x000000009b800000, 0x000000009b900000|  0%| F|  |TAMS 0x000000009b800000, 0x000000009b800000| Untracked 
| 441|0x000000009b900000, 0x000000009b900000, 0x000000009ba00000|  0%| F|  |TAMS 0x000000009b900000, 0x000000009b900000| Untracked 
| 442|0x000000009ba00000, 0x000000009ba00000, 0x000000009bb00000|  0%| F|  |TAMS 0x000000009ba00000, 0x000000009ba00000| Untracked 
| 443|0x000000009bb00000, 0x000000009bb00000, 0x000000009bc00000|  0%| F|  |TAMS 0x000000009bb00000, 0x000000009bb00000| Untracked 
| 444|0x000000009bc00000, 0x000000009bc00000, 0x000000009bd00000|  0%| F|  |TAMS 0x000000009bc00000, 0x000000009bc00000| Untracked 
| 445|0x000000009bd00000, 0x000000009bd00000, 0x000000009be00000|  0%| F|  |TAMS 0x000000009bd00000, 0x000000009bd00000| Untracked 
| 446|0x000000009be00000, 0x000000009be00000, 0x000000009bf00000|  0%| F|  |TAMS 0x000000009be00000, 0x000000009be00000| Untracked 
| 447|0x000000009bf00000, 0x000000009bf00000, 0x000000009c000000|  0%| F|  |TAMS 0x000000009bf00000, 0x000000009bf00000| Untracked 
| 448|0x000000009c000000, 0x000000009c000000, 0x000000009c100000|  0%| F|  |TAMS 0x000000009c000000, 0x000000009c000000| Untracked 
| 449|0x000000009c100000, 0x000000009c100000, 0x000000009c200000|  0%| F|  |TAMS 0x000000009c100000, 0x000000009c100000| Untracked 
| 450|0x000000009c200000, 0x000000009c200000, 0x000000009c300000|  0%| F|  |TAMS 0x000000009c200000, 0x000000009c200000| Untracked 
| 451|0x000000009c300000, 0x000000009c300000, 0x000000009c400000|  0%| F|  |TAMS 0x000000009c300000, 0x000000009c300000| Untracked 
| 452|0x000000009c400000, 0x000000009c400000, 0x000000009c500000|  0%| F|  |TAMS 0x000000009c400000, 0x000000009c400000| Untracked 
| 453|0x000000009c500000, 0x000000009c500000, 0x000000009c600000|  0%| F|  |TAMS 0x000000009c500000, 0x000000009c500000| Untracked 
| 454|0x000000009c600000, 0x000000009c600000, 0x000000009c700000|  0%| F|  |TAMS 0x000000009c600000, 0x000000009c600000| Untracked 
| 455|0x000000009c700000, 0x000000009c700000, 0x000000009c800000|  0%| F|  |TAMS 0x000000009c700000, 0x000000009c700000| Untracked 
| 456|0x000000009c800000, 0x000000009c800000, 0x000000009c900000|  0%| F|  |TAMS 0x000000009c800000, 0x000000009c800000| Untracked 
| 457|0x000000009c900000, 0x000000009c900000, 0x000000009ca00000|  0%| F|  |TAMS 0x000000009c900000, 0x000000009c900000| Untracked 
| 458|0x000000009ca00000, 0x000000009ca00000, 0x000000009cb00000|  0%| F|  |TAMS 0x000000009ca00000, 0x000000009ca00000| Untracked 
| 459|0x000000009cb00000, 0x000000009cb00000, 0x000000009cc00000|  0%| F|  |TAMS 0x000000009cb00000, 0x000000009cb00000| Untracked 

Card table byte_map: [0x0000020a1a510000,0x0000020a1a910000] _byte_map_base: 0x0000020a1a110000

Marking Bits (Prev, Next): (CMBitMap*) 0x0000020a08096ec0, (CMBitMap*) 0x0000020a08096e80
 Prev Bits: [0x0000020a1cd10000, 0x0000020a1ed10000)
 Next Bits: [0x0000020a1ad10000, 0x0000020a1cd10000)

Polling page: 0x0000020a05fb0000

Metaspace:

Usage:
  Non-class:    172.35 MB used.
      Class:     24.21 MB used.
       Both:    196.56 MB used.

Virtual space:
  Non-class space:      176.00 MB reserved,     172.81 MB ( 98%) committed,  22 nodes.
      Class space:        1.00 GB reserved,      24.62 MB (  2%) committed,  1 nodes.
             Both:        1.17 GB reserved,     197.44 MB ( 16%) committed. 

Chunk freelists:
   Non-Class:  3.04 MB
       Class:  3.38 MB
        Both:  6.42 MB

MaxMetaspaceSize: unlimited
CompressedClassSpaceSize: 1.00 GB
Initial GC threshold: 21.00 MB
Current GC threshold: 274.31 MB
CDS: off
MetaspaceReclaimPolicy: balanced
 - commit_granule_bytes: 65536.
 - commit_granule_words: 8192.
 - virtual_space_node_default_size: 1048576.
 - enlarge_chunks_in_place: 1.
 - new_chunks_are_fully_committed: 0.
 - uncommit_free_chunks: 1.
 - use_allocation_guard: 0.
 - handle_deallocations: 1.


Internal statistics:

num_allocs_failed_limit: 12.
num_arena_births: 1430.
num_arena_deaths: 2.
num_vsnodes_births: 23.
num_vsnodes_deaths: 0.
num_space_committed: 3156.
num_space_uncommitted: 0.
num_chunks_returned_to_freelist: 18.
num_chunks_taken_from_freelist: 8573.
num_chunk_merges: 13.
num_chunk_splits: 6373.
num_chunks_enlarged: 5049.
num_purges: 2.
num_inconsistent_stats: 0.

CodeHeap 'non-profiled nmethods': size=120064Kb used=21643Kb max_used=21643Kb free=98421Kb
 bounds [0x0000020a12fd0000, 0x0000020a14500000, 0x0000020a1a510000]
CodeHeap 'profiled nmethods': size=120000Kb used=74903Kb max_used=74903Kb free=45096Kb
 bounds [0x0000020a0b510000, 0x0000020a0fe40000, 0x0000020a12a40000]
CodeHeap 'non-nmethods': size=5696Kb used=2624Kb max_used=2703Kb free=3071Kb
 bounds [0x0000020a12a40000, 0x0000020a12cf0000, 0x0000020a12fd0000]
 total_blobs=32858 nmethods=31657 adapters=1109
 compilation: enabled
              stopped_count=0, restarted_count=0
 full_count=0

Compilation events (20 events):
Event: 542.912 Thread 0x0000020a2112e6c0 nmethod 40838 0x0000020a144de390 code [0x0000020a144de8c0, 0x0000020a144e2c00]
Event: 542.913 Thread 0x0000020a2112e6c0 41057       4       com.android.tools.r8.ir.regalloc.c::d (184 bytes)
Event: 542.934 Thread 0x0000020a2112e6c0 nmethod 41057 0x0000020a144e6210 code [0x0000020a144e6400, 0x0000020a144e6b58]
Event: 542.934 Thread 0x0000020a2112e6c0 40831       4       com.android.tools.r8.ir.regalloc.b::a (270 bytes)
Event: 543.126 Thread 0x0000020a21c85e60 41064       2       com.android.tools.r8.ir.optimize.q0::a (583 bytes)
Event: 543.131 Thread 0x0000020a21c85e60 nmethod 41064 0x0000020a0fe30310 code [0x0000020a0fe30940, 0x0000020a0fe32708]
Event: 543.247 Thread 0x0000020a21c85e60 41065       2       com.android.tools.r8.internal.S5::a (5 bytes)
Event: 543.247 Thread 0x0000020a21c85e60 nmethod 41065 0x0000020a0fe33b10 code [0x0000020a0fe33ca0, 0x0000020a0fe33db8]
Event: 543.295 Thread 0x0000020a21c85e60 41066       2       com.android.tools.r8.internal.OK::<init> (10 bytes)
Event: 543.296 Thread 0x0000020a21c85e60 nmethod 41066 0x0000020a0fe33e90 code [0x0000020a0fe34020, 0x0000020a0fe34148]
Event: 543.633 Thread 0x0000020a2112e6c0 nmethod 40831 0x0000020a144e7210 code [0x0000020a144e7840, 0x0000020a144ef980]
Event: 543.634 Thread 0x0000020a2112e6c0 41063       4       com.android.tools.r8.ir.optimize.k0::a (278 bytes)
Event: 543.777 Thread 0x0000020a21c85e60 41069       2       com.android.tools.r8.internal.Mr::k (139 bytes)
Event: 543.778 Thread 0x0000020a21c85e60 nmethod 41069 0x0000020a0fe34210 code [0x0000020a0fe34400, 0x0000020a0fe34828]
Event: 543.783 Thread 0x0000020a21c85e60 41070 %     3       com.android.tools.r8.internal.OL::c @ 80 (124 bytes)
Event: 543.784 Thread 0x0000020a21c85e60 nmethod 41070% 0x0000020a0fe34a10 code [0x0000020a0fe34c80, 0x0000020a0fe35958]
Event: 543.855 Thread 0x0000020a21c85e60 41072       2       com.android.tools.r8.internal.zc::A (2 bytes)
Event: 543.855 Thread 0x0000020a21c85e60 nmethod 41072 0x0000020a0fe35d10 code [0x0000020a0fe35ea0, 0x0000020a0fe35fb8]
Event: 543.855 Thread 0x0000020a21c85e60 41073       2       com.android.tools.r8.internal.zc::b (32 bytes)
Event: 543.856 Thread 0x0000020a21c85e60 nmethod 41073 0x0000020a0fe36090 code [0x0000020a0fe36240, 0x0000020a0fe36408]

GC Heap History (20 events):
Event: 535.009 GC heap after
{Heap after GC invocations=211 (full 0):
 garbage-first heap   total 377856K, used 256631K [0x0000000080000000, 0x0000000100000000)
  region size 1024K, 3 young (3072K), 3 survivors (3072K)
 Metaspace       used 201211K, committed 202112K, reserved 1228800K
  class space    used 24784K, committed 25216K, reserved 1048576K
}
Event: 535.639 GC heap before
{Heap before GC invocations=211 (full 0):
 garbage-first heap   total 377856K, used 323191K [0x0000000080000000, 0x0000000100000000)
  region size 1024K, 67 young (68608K), 3 survivors (3072K)
 Metaspace       used 201213K, committed 202112K, reserved 1228800K
  class space    used 24784K, committed 25216K, reserved 1048576K
}
Event: 535.657 GC heap after
{Heap after GC invocations=212 (full 0):
 garbage-first heap   total 377856K, used 262085K [0x0000000080000000, 0x0000000100000000)
  region size 1024K, 7 young (7168K), 7 survivors (7168K)
 Metaspace       used 201213K, committed 202112K, reserved 1228800K
  class space    used 24784K, committed 25216K, reserved 1048576K
}
Event: 536.294 GC heap before
{Heap before GC invocations=212 (full 0):
 garbage-first heap   total 377856K, used 323525K [0x0000000080000000, 0x0000000100000000)
  region size 1024K, 67 young (68608K), 7 survivors (7168K)
 Metaspace       used 201215K, committed 202112K, reserved 1228800K
  class space    used 24784K, committed 25216K, reserved 1048576K
}
Event: 536.326 GC heap after
{Heap after GC invocations=213 (full 0):
 garbage-first heap   total 377856K, used 268989K [0x0000000080000000, 0x0000000100000000)
  region size 1024K, 9 young (9216K), 9 survivors (9216K)
 Metaspace       used 201215K, committed 202112K, reserved 1228800K
  class space    used 24784K, committed 25216K, reserved 1048576K
}
Event: 536.743 GC heap before
{Heap before GC invocations=213 (full 0):
 garbage-first heap   total 377856K, used 321213K [0x0000000080000000, 0x0000000100000000)
  region size 1024K, 60 young (61440K), 9 survivors (9216K)
 Metaspace       used 201223K, committed 202112K, reserved 1228800K
  class space    used 24785K, committed 25216K, reserved 1048576K
}
Event: 536.782 GC heap after
{Heap after GC invocations=214 (full 0):
 garbage-first heap   total 471040K, used 274523K [0x0000000080000000, 0x0000000100000000)
  region size 1024K, 7 young (7168K), 7 survivors (7168K)
 Metaspace       used 201223K, committed 202112K, reserved 1228800K
  class space    used 24785K, committed 25216K, reserved 1048576K
}
Event: 537.734 GC heap before
{Heap before GC invocations=214 (full 0):
 garbage-first heap   total 471040K, used 381019K [0x0000000080000000, 0x0000000100000000)
  region size 1024K, 111 young (113664K), 7 survivors (7168K)
 Metaspace       used 201243K, committed 202176K, reserved 1228800K
  class space    used 24787K, committed 25216K, reserved 1048576K
}
Event: 537.803 GC heap after
{Heap after GC invocations=215 (full 0):
 garbage-first heap   total 471040K, used 285932K [0x0000000080000000, 0x0000000100000000)
  region size 1024K, 14 young (14336K), 14 survivors (14336K)
 Metaspace       used 201243K, committed 202176K, reserved 1228800K
  class space    used 24787K, committed 25216K, reserved 1048576K
}
Event: 538.596 GC heap before
{Heap before GC invocations=215 (full 0):
 garbage-first heap   total 471040K, used 386284K [0x0000000080000000, 0x0000000100000000)
  region size 1024K, 112 young (114688K), 14 survivors (14336K)
 Metaspace       used 201245K, committed 202176K, reserved 1228800K
  class space    used 24787K, committed 25216K, reserved 1048576K
}
Event: 538.695 GC heap after
{Heap after GC invocations=216 (full 0):
 garbage-first heap   total 471040K, used 292982K [0x0000000080000000, 0x0000000100000000)
  region size 1024K, 7 young (7168K), 7 survivors (7168K)
 Metaspace       used 201245K, committed 202176K, reserved 1228800K
  class space    used 24787K, committed 25216K, reserved 1048576K
}
Event: 539.705 GC heap before
{Heap before GC invocations=216 (full 0):
 garbage-first heap   total 471040K, used 390262K [0x0000000080000000, 0x0000000100000000)
  region size 1024K, 102 young (104448K), 7 survivors (7168K)
 Metaspace       used 201248K, committed 202176K, reserved 1228800K
  class space    used 24787K, committed 25216K, reserved 1048576K
}
Event: 539.735 GC heap after
{Heap after GC invocations=217 (full 0):
 garbage-first heap   total 471040K, used 293494K [0x0000000080000000, 0x0000000100000000)
  region size 1024K, 7 young (7168K), 7 survivors (7168K)
 Metaspace       used 201248K, committed 202176K, reserved 1228800K
  class space    used 24787K, committed 25216K, reserved 1048576K
}
Event: 540.752 GC heap before
{Heap before GC invocations=217 (full 0):
 garbage-first heap   total 471040K, used 395894K [0x0000000080000000, 0x0000000100000000)
  region size 1024K, 107 young (109568K), 7 survivors (7168K)
 Metaspace       used 201256K, committed 202176K, reserved 1228800K
  class space    used 24788K, committed 25216K, reserved 1048576K
}
Event: 540.783 GC heap after
{Heap after GC invocations=218 (full 0):
 garbage-first heap   total 471040K, used 294006K [0x0000000080000000, 0x0000000100000000)
  region size 1024K, 8 young (8192K), 8 survivors (8192K)
 Metaspace       used 201256K, committed 202176K, reserved 1228800K
  class space    used 24788K, committed 25216K, reserved 1048576K
}
Event: 541.759 GC heap before
{Heap before GC invocations=218 (full 0):
 garbage-first heap   total 471040K, used 398454K [0x0000000080000000, 0x0000000100000000)
  region size 1024K, 111 young (113664K), 8 survivors (8192K)
 Metaspace       used 201258K, committed 202176K, reserved 1228800K
  class space    used 24788K, committed 25216K, reserved 1048576K
}
Event: 541.789 GC heap after
{Heap after GC invocations=219 (full 0):
 garbage-first heap   total 471040K, used 294518K [0x0000000080000000, 0x0000000100000000)
  region size 1024K, 8 young (8192K), 8 survivors (8192K)
 Metaspace       used 201258K, committed 202176K, reserved 1228800K
  class space    used 24788K, committed 25216K, reserved 1048576K
}
Event: 542.684 GC heap before
{Heap before GC invocations=219 (full 0):
 garbage-first heap   total 471040K, used 404086K [0x0000000080000000, 0x0000000100000000)
  region size 1024K, 115 young (117760K), 8 survivors (8192K)
 Metaspace       used 201273K, committed 202176K, reserved 1228800K
  class space    used 24792K, committed 25216K, reserved 1048576K
}
Event: 542.717 GC heap after
{Heap after GC invocations=220 (full 0):
 garbage-first heap   total 471040K, used 294518K [0x0000000080000000, 0x0000000100000000)
  region size 1024K, 8 young (8192K), 8 survivors (8192K)
 Metaspace       used 201273K, committed 202176K, reserved 1228800K
  class space    used 24792K, committed 25216K, reserved 1048576K
}
Event: 543.860 GC heap before
{Heap before GC invocations=220 (full 0):
 garbage-first heap   total 471040K, used 407158K [0x0000000080000000, 0x0000000100000000)
  region size 1024K, 118 young (120832K), 8 survivors (8192K)
 Metaspace       used 201281K, committed 202176K, reserved 1228800K
  class space    used 24793K, committed 25216K, reserved 1048576K
}

Dll operation events (2 events):
Event: 0.012 Loaded shared library C:\Program Files\Android\Android Studio\jbr\bin\java.dll
Event: 0.993 Loaded shared library C:\Program Files\Android\Android Studio\jbr\bin\verify.dll

Deoptimization events (20 events):
Event: 543.125 Thread 0x0000020a32591860 DEOPT PACKING pc=0x0000020a144e1790 sp=0x00000054156f59c0
Event: 543.125 Thread 0x0000020a32591860 DEOPT UNPACKING pc=0x0000020a12a9699d sp=0x00000054156f59c0 mode 2
Event: 543.169 Thread 0x0000020a28692d90 DEOPT PACKING pc=0x0000020a0fd5b408 sp=0x0000005414ffa0c0
Event: 543.169 Thread 0x0000020a28692d90 DEOPT UNPACKING pc=0x0000020a12a97124 sp=0x0000005414ff9848 mode 0
Event: 543.223 Thread 0x0000020a28692d90 Uncommon trap: trap_request=0xffffffbe fr.pc=0x0000020a1440f218 relative=0x0000000000004d38
Event: 543.224 Thread 0x0000020a28692d90 Uncommon trap: reason=profile_predicate action=maybe_recompile pc=0x0000020a1440f218 method=com.android.tools.r8.internal.U10.a(Lcom/android/tools/r8/internal/U10;Ljava/util/Set;)V @ 22 c2
Event: 543.224 Thread 0x0000020a28692d90 DEOPT PACKING pc=0x0000020a1440f218 sp=0x0000005414ffa2d0
Event: 543.224 Thread 0x0000020a28692d90 DEOPT UNPACKING pc=0x0000020a12a9699d sp=0x0000005414ffa268 mode 2
Event: 543.463 Thread 0x0000020a28692d90 DEOPT PACKING pc=0x0000020a0fd5b68a sp=0x0000005414ffa0c0
Event: 543.463 Thread 0x0000020a28692d90 DEOPT UNPACKING pc=0x0000020a12a97124 sp=0x0000005414ff9840 mode 0
Event: 543.512 Thread 0x0000020a28692d90 DEOPT PACKING pc=0x0000020a0fd21019 sp=0x0000005414ff9bc0
Event: 543.512 Thread 0x0000020a28692d90 DEOPT UNPACKING pc=0x0000020a12a97124 sp=0x0000005414ff93b0 mode 0
Event: 543.620 Thread 0x0000020a32591860 DEOPT PACKING pc=0x0000020a0fd210e5 sp=0x00000054156f56d0
Event: 543.620 Thread 0x0000020a32591860 DEOPT UNPACKING pc=0x0000020a12a97124 sp=0x00000054156f4ec8 mode 0
Event: 543.684 Thread 0x0000020a32591860 DEOPT PACKING pc=0x0000020a0f420ea3 sp=0x00000054156f5770
Event: 543.684 Thread 0x0000020a32591860 DEOPT UNPACKING pc=0x0000020a12a97124 sp=0x00000054156f4ea0 mode 0
Event: 543.784 Thread 0x0000020a32591860 DEOPT PACKING pc=0x0000020a0fb1860d sp=0x00000054156f5a30
Event: 543.784 Thread 0x0000020a32591860 DEOPT UNPACKING pc=0x0000020a12a97124 sp=0x00000054156f4f10 mode 0
Event: 543.857 Thread 0x0000020a28692d90 DEOPT PACKING pc=0x0000020a0fd5b408 sp=0x0000005414ffa0c0
Event: 543.857 Thread 0x0000020a28692d90 DEOPT UNPACKING pc=0x0000020a12a97124 sp=0x0000005414ff9848 mode 0

Classes unloaded (5 events):
Event: 61.739 Thread 0x0000020a210ebeb0 Unloading class 0x00000001005d9410 '_BuildScript_$_run_closure1$_closure2$_closure4'
Event: 61.739 Thread 0x0000020a210ebeb0 Unloading class 0x00000001005d9000 '_BuildScript_$_run_closure1$_closure2$_closure3'
Event: 61.739 Thread 0x0000020a210ebeb0 Unloading class 0x00000001005d8968 '_BuildScript_$_run_closure1$_closure2'
Event: 61.739 Thread 0x0000020a210ebeb0 Unloading class 0x00000001005d8558 '_BuildScript_$_run_closure1'
Event: 61.739 Thread 0x0000020a210ebeb0 Unloading class 0x00000001005d8000 '_BuildScript_'

Classes redefined (0 events):
No events

Internal exceptions (20 events):
Event: 531.871 Thread 0x0000020a28692d90 Exception <a 'sun/nio/fs/WindowsException'{0x0000000092854988}> (0x0000000092854988) 
thrown [s\src\hotspot\share\prims\jni.cpp, line 517]
Event: 531.914 Thread 0x0000020a28692d90 Exception <a 'sun/nio/fs/WindowsException'{0x0000000091df1eb8}> (0x0000000091df1eb8) 
thrown [s\src\hotspot\share\prims\jni.cpp, line 517]
Event: 531.991 Thread 0x0000020a32591860 Exception <a 'sun/nio/fs/WindowsException'{0x0000000091b1df18}> (0x0000000091b1df18) 
thrown [s\src\hotspot\share\prims\jni.cpp, line 517]
Event: 532.271 Thread 0x0000020a32591860 Exception <a 'sun/nio/fs/WindowsException'{0x0000000095fe4e48}> (0x0000000095fe4e48) 
thrown [s\src\hotspot\share\prims\jni.cpp, line 517]
Event: 532.287 Thread 0x0000020a28692d90 Exception <a 'sun/nio/fs/WindowsException'{0x00000000968c6590}> (0x00000000968c6590) 
thrown [s\src\hotspot\share\prims\jni.cpp, line 517]
Event: 532.448 Thread 0x0000020a28692d90 Exception <a 'sun/nio/fs/WindowsException'{0x0000000094f56010}> (0x0000000094f56010) 
thrown [s\src\hotspot\share\prims\jni.cpp, line 517]
Event: 532.517 Thread 0x0000020a32591860 Exception <a 'sun/nio/fs/WindowsException'{0x0000000094e42470}> (0x0000000094e42470) 
thrown [s\src\hotspot\share\prims\jni.cpp, line 517]
Event: 532.609 Thread 0x0000020a32591860 Implicit null exception at 0x0000020a143c19a6 to 0x0000020a143c6d8d
Event: 532.708 Thread 0x0000020a32591860 Exception <a 'sun/nio/fs/WindowsException'{0x0000000093ff8618}> (0x0000000093ff8618) 
thrown [s\src\hotspot\share\prims\jni.cpp, line 517]
Event: 532.728 Thread 0x0000020a28692d90 Exception <a 'sun/nio/fs/WindowsException'{0x0000000093e116b0}> (0x0000000093e116b0) 
thrown [s\src\hotspot\share\prims\jni.cpp, line 517]
Event: 532.871 Thread 0x0000020a28692d90 Implicit null exception at 0x0000020a1427632e to 0x0000020a1427671c
Event: 532.887 Thread 0x0000020a28692d90 Exception <a 'sun/nio/fs/WindowsException'{0x0000000092e66478}> (0x0000000092e66478) 
thrown [s\src\hotspot\share\prims\jni.cpp, line 517]
Event: 532.948 Thread 0x0000020a32591860 Exception <a 'sun/nio/fs/WindowsException'{0x0000000092dc4cd0}> (0x0000000092dc4cd0) 
thrown [s\src\hotspot\share\prims\jni.cpp, line 517]
Event: 532.979 Thread 0x0000020a32591860 Exception <a 'sun/nio/fs/WindowsException'{0x0000000092a65418}> (0x0000000092a65418) 
thrown [s\src\hotspot\share\prims\jni.cpp, line 517]
Event: 533.083 Thread 0x0000020a28692d90 Exception <a 'sun/nio/fs/WindowsException'{0x0000000092af79c8}> (0x0000000092af79c8) 
thrown [s\src\hotspot\share\prims\jni.cpp, line 517]
Event: 533.106 Thread 0x0000020a28692d90 Exception <a 'sun/nio/fs/WindowsException'{0x0000000092886cb8}> (0x0000000092886cb8) 
thrown [s\src\hotspot\share\prims\jni.cpp, line 517]
Event: 533.334 Thread 0x0000020a32591860 Exception <a 'sun/nio/fs/WindowsException'{0x00000000910ac5d8}> (0x00000000910ac5d8) 
thrown [s\src\hotspot\share\prims\jni.cpp, line 517]
Event: 533.369 Thread 0x0000020a28692d90 Exception <a 'sun/nio/fs/WindowsException'{0x000000009a937600}> (0x000000009a937600) 
thrown [s\src\hotspot\share\prims\jni.cpp, line 517]
Event: 533.545 Thread 0x0000020a28692d90 Exception <a 'sun/nio/fs/WindowsException'{0x0000000095dc4a70}> (0x0000000095dc4a70) 
thrown [s\src\hotspot\share\prims\jni.cpp, line 517]
Event: 535.755 Thread 0x0000020a28692d90 Exception <a 'sun/nio/fs/WindowsException'{0x0000000096752410}> (0x0000000096752410) 
thrown [s\src\hotspot\share\prims\jni.cpp, line 517]

VM Operations (20 events):
Event: 536.782 Executing VM operation: G1CollectForAllocation done
Event: 537.734 Executing VM operation: G1CollectForAllocation
Event: 537.808 Executing VM operation: G1CollectForAllocation done
Event: 538.596 Executing VM operation: G1CollectForAllocation
Event: 538.695 Executing VM operation: G1CollectForAllocation done
Event: 539.221 Executing VM operation: HandshakeAllThreads
Event: 539.225 Executing VM operation: HandshakeAllThreads done
Event: 539.705 Executing VM operation: G1CollectForAllocation
Event: 539.735 Executing VM operation: G1CollectForAllocation done
Event: 540.739 Executing VM operation: Cleanup
Event: 540.752 Executing VM operation: Cleanup done
Event: 540.752 Executing VM operation: G1CollectForAllocation
Event: 540.783 Executing VM operation: G1CollectForAllocation done
Event: 541.758 Executing VM operation: G1CollectForAllocation
Event: 541.789 Executing VM operation: G1CollectForAllocation done
Event: 542.684 Executing VM operation: G1CollectForAllocation
Event: 542.728 Executing VM operation: G1CollectForAllocation done
Event: 543.730 Executing VM operation: Cleanup
Event: 543.749 Executing VM operation: Cleanup done
Event: 543.860 Executing VM operation: G1CollectForAllocation

Events (20 events):
Event: 536.263 Thread 0x0000020a21ca2b00 flushing nmethod 0x0000020a0f80d710
Event: 536.263 Thread 0x0000020a21ca2b00 flushing nmethod 0x0000020a0f81c310
Event: 536.263 Thread 0x0000020a21ca2b00 flushing nmethod 0x0000020a0f81cd10
Event: 536.263 Thread 0x0000020a21ca2b00 flushing nmethod 0x0000020a0f81d290
Event: 536.263 Thread 0x0000020a21ca2b00 flushing nmethod 0x0000020a0f849290
Event: 536.263 Thread 0x0000020a21ca2b00 flushing nmethod 0x0000020a0f859810
Event: 536.263 Thread 0x0000020a21ca2b00 flushing nmethod 0x0000020a0f866c90
Event: 536.264 Thread 0x0000020a21ca2b00 flushing nmethod 0x0000020a0f8c5b10
Event: 536.264 Thread 0x0000020a21ca2b00 flushing nmethod 0x0000020a0f92af10
Event: 536.264 Thread 0x0000020a21ca2b00 flushing nmethod 0x0000020a0f935d90
Event: 536.264 Thread 0x0000020a21ca2b00 flushing nmethod 0x0000020a0f939c90
Event: 536.264 Thread 0x0000020a21ca2b00 flushing nmethod 0x0000020a0f95a990
Event: 536.265 Thread 0x0000020a21ca2b00 flushing nmethod 0x0000020a0fa77810
Event: 536.267 Thread 0x0000020a21ca2b00 flushing nmethod 0x0000020a0faba110
Event: 536.267 Thread 0x0000020a21ca2b00 flushing nmethod 0x0000020a0fb44310
Event: 536.268 Thread 0x0000020a21ca2b00 flushing nmethod 0x0000020a0fc01d90
Event: 536.268 Thread 0x0000020a21ca2b00 flushing nmethod 0x0000020a0fc2c090
Event: 536.269 Thread 0x0000020a21ca2b00 flushing nmethod 0x0000020a0fc8c990
Event: 536.269 Thread 0x0000020a21ca2b00 flushing nmethod 0x0000020a0fcb6110
Event: 536.269 Thread 0x0000020a21ca2b00 flushing nmethod 0x0000020a0fcf2110


Dynamic libraries:
0x00007ff71f480000 - 0x00007ff71f48a000 	C:\Program Files\Android\Android Studio\jbr\bin\java.exe
0x00007ffb656f0000 - 0x00007ffb658e8000 	C:\Windows\SYSTEM32\ntdll.dll
0x00007ffb63bc0000 - 0x00007ffb63c7d000 	C:\Windows\System32\KERNEL32.DLL
0x00007ffb631d0000 - 0x00007ffb634a2000 	C:\Windows\System32\KERNELBASE.dll
0x00007ffb630d0000 - 0x00007ffb631d0000 	C:\Windows\System32\ucrtbase.dll
0x00007ffb4de30000 - 0x00007ffb4de47000 	C:\Program Files\Android\Android Studio\jbr\bin\jli.dll
0x00007ffb63f80000 - 0x00007ffb6411d000 	C:\Windows\System32\USER32.dll
0x00007ffb634b0000 - 0x00007ffb634d2000 	C:\Windows\System32\win32u.dll
0x00007ffb51990000 - 0x00007ffb51c2a000 	C:\Windows\WinSxS\amd64_microsoft.windows.common-controls_6595b64144ccf1df_6.0.19041.1110_none_60b5254171f9507e\COMCTL32.dll
0x00007ffb65210000 - 0x00007ffb6523b000 	C:\Windows\System32\GDI32.dll
0x00007ffb63ee0000 - 0x00007ffb63f7e000 	C:\Windows\System32\msvcrt.dll
0x00007ffb63640000 - 0x00007ffb6374f000 	C:\Windows\System32\gdi32full.dll
0x00007ffb63570000 - 0x00007ffb6360d000 	C:\Windows\System32\msvcp_win.dll
0x00007ffb4d4a0000 - 0x00007ffb4d4bb000 	C:\Program Files\Android\Android Studio\jbr\bin\VCRUNTIME140.dll
0x00007ffb63e50000 - 0x00007ffb63e80000 	C:\Windows\System32\IMM32.DLL
0x00007ffb4e240000 - 0x00007ffb4e24c000 	C:\Program Files\Android\Android Studio\jbr\bin\vcruntime140_1.dll
0x00007ffb3b4c0000 - 0x00007ffb3b54d000 	C:\Program Files\Android\Android Studio\jbr\bin\msvcp140.dll
0x00007ffb36a70000 - 0x00007ffb376de000 	C:\Program Files\Android\Android Studio\jbr\bin\server\jvm.dll
0x00007ffb64df0000 - 0x00007ffb64e9e000 	C:\Windows\System32\ADVAPI32.dll
0x00007ffb654d0000 - 0x00007ffb6556c000 	C:\Windows\System32\sechost.dll
0x00007ffb65570000 - 0x00007ffb65695000 	C:\Windows\System32\RPCRT4.dll
0x00007ffb5d180000 - 0x00007ffb5d189000 	C:\Windows\SYSTEM32\WSOCK32.dll
0x00007ffb64120000 - 0x00007ffb6418b000 	C:\Windows\System32\WS2_32.dll
0x00007ffb4ec50000 - 0x00007ffb4ec77000 	C:\Windows\SYSTEM32\WINMM.dll
0x00007ffb52a40000 - 0x00007ffb52a4a000 	C:\Windows\SYSTEM32\VERSION.dll
0x00007ffb60cc0000 - 0x00007ffb60cd2000 	C:\Windows\SYSTEM32\kernel.appcore.dll
0x00007ffb4e970000 - 0x00007ffb4e97a000 	C:\Program Files\Android\Android Studio\jbr\bin\jimage.dll
0x00007ffb4ace0000 - 0x00007ffb4aec4000 	C:\Windows\SYSTEM32\DBGHELP.DLL
0x00007ffb4a930000 - 0x00007ffb4a95c000 	C:\Windows\SYSTEM32\dbgcore.DLL
0x00007ffb634e0000 - 0x00007ffb63562000 	C:\Windows\System32\bcryptPrimitives.dll
0x00007ffb4e260000 - 0x00007ffb4e285000 	C:\Program Files\Android\Android Studio\jbr\bin\java.dll
0x00007ffb4dd60000 - 0x00007ffb4dd78000 	C:\Program Files\Android\Android Studio\jbr\bin\zip.dll
0x00007ffb64500000 - 0x00007ffb64c43000 	C:\Windows\System32\SHELL32.dll
0x00007ffb60ec0000 - 0x00007ffb61651000 	C:\Windows\SYSTEM32\windows.storage.dll
0x00007ffb64eb0000 - 0x00007ffb65204000 	C:\Windows\System32\combase.dll
0x00007ffb62860000 - 0x00007ffb62890000 	C:\Windows\SYSTEM32\Wldp.dll
0x00007ffb63c80000 - 0x00007ffb63d2d000 	C:\Windows\System32\SHCORE.dll
0x00007ffb64cb0000 - 0x00007ffb64d05000 	C:\Windows\System32\shlwapi.dll
0x00007ffb62d40000 - 0x00007ffb62d5f000 	C:\Windows\SYSTEM32\profapi.dll
0x00007ffb3f320000 - 0x00007ffb3f339000 	C:\Program Files\Android\Android Studio\jbr\bin\net.dll
0x00007ffb5c8a0000 - 0x00007ffb5c9ad000 	C:\Windows\SYSTEM32\WINHTTP.dll
0x00007ffb62550000 - 0x00007ffb625ba000 	C:\Windows\system32\mswsock.dll
0x00007ffb3d650000 - 0x00007ffb3d666000 	C:\Program Files\Android\Android Studio\jbr\bin\nio.dll
0x00007ffb4f0e0000 - 0x00007ffb4f0f0000 	C:\Program Files\Android\Android Studio\jbr\bin\verify.dll
0x00007ffb42e80000 - 0x00007ffb42ea7000 	C:\Users\Admin\AndroidStudioProjects\Flexpal20\native\68d5fa5c4cc2d200863cafc0d521ce42e7d3e7ee720ec0a83991735586a16f82\windows-amd64\native-platform.dll
0x00007ffb34ac0000 - 0x00007ffb34c04000 	C:\Users\Admin\AndroidStudioProjects\Flexpal20\native\e376f236ea51e6404a007f0833ffe2c6e607c4080706a723a18a27aeea778392\windows-amd64\native-platform-file-events.dll
0x00007ffb4f0d0000 - 0x00007ffb4f0d9000 	C:\Program Files\Android\Android Studio\jbr\bin\management.dll
0x00007ffb4f0c0000 - 0x00007ffb4f0cb000 	C:\Program Files\Android\Android Studio\jbr\bin\management_ext.dll
0x00007ffb656a0000 - 0x00007ffb656a8000 	C:\Windows\System32\PSAPI.DLL
0x00007ffb62740000 - 0x00007ffb62758000 	C:\Windows\SYSTEM32\CRYPTSP.dll
0x00007ffb61e00000 - 0x00007ffb61e34000 	C:\Windows\system32\rsaenh.dll
0x00007ffb63610000 - 0x00007ffb63637000 	C:\Windows\System32\bcrypt.dll
0x00007ffb62cc0000 - 0x00007ffb62cee000 	C:\Windows\SYSTEM32\USERENV.dll
0x00007ffb62760000 - 0x00007ffb6276c000 	C:\Windows\SYSTEM32\CRYPTBASE.dll
0x00007ffb62240000 - 0x00007ffb6227b000 	C:\Windows\SYSTEM32\IPHLPAPI.DLL
0x00007ffb64ea0000 - 0x00007ffb64ea8000 	C:\Windows\System32\NSI.dll
0x00007ffb5a8a0000 - 0x00007ffb5a8b7000 	C:\Windows\SYSTEM32\dhcpcsvc6.DLL
0x00007ffb5a7a0000 - 0x00007ffb5a7bd000 	C:\Windows\SYSTEM32\dhcpcsvc.DLL
0x00007ffb62280000 - 0x00007ffb6234a000 	C:\Windows\SYSTEM32\DNSAPI.dll
0x00007ffb45cf0000 - 0x00007ffb45cf7000 	C:\Windows\system32\wshunix.dll
0x0000000050bf0000 - 0x0000000050c16000 	C:\Program Files\Bonjour\mdnsNSP.dll
0x00007ffb54120000 - 0x00007ffb5412a000 	C:\Windows\System32\rasadhlp.dll
0x00007ffb54350000 - 0x00007ffb543d0000 	C:\Windows\System32\fwpuclnt.dll
0x00007ffb61f40000 - 0x00007ffb61f73000 	C:\Windows\SYSTEM32\ntmarta.dll

dbghelp: loaded successfully - version: 4.0.5 - missing functions: none
symbol engine: initialized successfully - sym options: 0x614 - pdb path: .;C:\Program Files\Android\Android Studio\jbr\bin;C:\Windows\SYSTEM32;C:\Windows\WinSxS\amd64_microsoft.windows.common-controls_6595b64144ccf1df_6.0.19041.1110_none_60b5254171f9507e;C:\Program Files\Android\Android Studio\jbr\bin\server;C:\Users\Admin\AndroidStudioProjects\Flexpal20\native\68d5fa5c4cc2d200863cafc0d521ce42e7d3e7ee720ec0a83991735586a16f82\windows-amd64;C:\Users\Admin\AndroidStudioProjects\Flexpal20\native\e376f236ea51e6404a007f0833ffe2c6e607c4080706a723a18a27aeea778392\windows-amd64;C:\Program Files\Bonjour

VM Arguments:
jvm_args: --add-opens=java.base/java.util=ALL-UNNAMED --add-opens=java.base/java.lang=ALL-UNNAMED --add-opens=java.base/java.lang.invoke=ALL-UNNAMED --add-opens=java.prefs/java.util.prefs=ALL-UNNAMED --add-opens=java.base/java.nio.charset=ALL-UNNAMED --add-opens=java.base/java.net=ALL-UNNAMED --add-opens=java.base/java.util.concurrent.atomic=ALL-UNNAMED -Xmx2048m -Dfile.encoding=UTF-8 -Duser.country=GB -Duser.language=en -Duser.variant 
java_command: org.gradle.launcher.daemon.bootstrap.GradleDaemon 8.0
java_class_path (initial): C:\Users\Admin\AndroidStudioProjects\Flexpal20\wrapper\dists\gradle-8.0-bin\ca5e32bp14vu59qr306oxotwh\gradle-8.0\lib\gradle-launcher-8.0.jar
Launcher Type: SUN_STANDARD

[Global flags]
     intx CICompilerCount                          = 2                                         {product} {ergonomic}
     uint ConcGCThreads                            = 1                                         {product} {ergonomic}
     uint G1ConcRefinementThreads                  = 2                                         {product} {ergonomic}
   size_t G1HeapRegionSize                         = 1048576                                   {product} {ergonomic}
    uintx GCDrainStackTargetSize                   = 64                                        {product} {ergonomic}
   size_t InitialHeapSize                          = 165675008                                 {product} {ergonomic}
   size_t MarkStackSize                            = 4194304                                   {product} {ergonomic}
   size_t MaxHeapSize                              = 2147483648                                {product} {command line}
   size_t MaxNewSize                               = 1287651328                                {product} {ergonomic}
   size_t MinHeapDeltaBytes                        = 1048576                                   {product} {ergonomic}
   size_t MinHeapSize                              = 8388608                                   {product} {ergonomic}
    uintx NonNMethodCodeHeapSize                   = 5826188                                {pd product} {ergonomic}
    uintx NonProfiledCodeHeapSize                  = 122916026                              {pd product} {ergonomic}
    uintx ProfiledCodeHeapSize                     = 122916026                              {pd product} {ergonomic}
    uintx ReservedCodeCacheSize                    = 251658240                              {pd product} {ergonomic}
     bool SegmentedCodeCache                       = true                                      {product} {ergonomic}
   size_t SoftMaxHeapSize                          = 2147483648                             {manageable} {ergonomic}
     bool UseCompressedClassPointers               = true                           {product lp64_product} {ergonomic}
     bool UseCompressedOops                        = true                           {product lp64_product} {ergonomic}
     bool UseG1GC                                  = true                                      {product} {ergonomic}
     bool UseLargePagesIndividualAllocation        = false                                  {pd product} {ergonomic}

Logging:
Log output configuration:
 #0: stdout all=warning uptime,level,tags
 #1: stderr all=off uptime,level,tags

Environment Variables:
JAVA_HOME=C:\Program Files\Java\jdk1.8.0_191
PATH=C:\Program Files\Python310\Scripts\;C:\Program Files\Python310\;C:\Program Files\Microsoft\jdk-11.0.16.101-hotspot\bin;C:\Program Files (x86)\NVIDIA Corporation\PhysX\Common;C:\Program Files (x86)\Common Files\Oracle\Java\javapath;C:\Windows\system32;C:\Windows;C:\Windows\System32\Wbem;C:\Windows\System32\WindowsPowerShell\v1.0\;C:\Windows\System32\OpenSSH\;C:\xampp\php;C:\composer;C:\Program Files\Microsoft SQL Server\150\Tools\Binn\;C:\Program Files\Microsoft SQL Server\Client SDK\ODBC\170\Tools\Binn\;C:\Program Files\dotnet\;C:\ProgramData\chocolatey\bin;C:\Users\Admin\AppData\Local\Microsoft\WindowsApps;C:\Users\Admin\AppData\Roaming\Composer\vendor\bin;C:\Users\Admin\AppData\Local\Programs\Microsoft VS Code\bin;C:\Users\Admin\.dotnet\tools;C:\Users\Admin\AppData\Local\JetBrains\Toolbox\scripts;
USERNAME=Admin
OS=Windows_NT
PROCESSOR_IDENTIFIER=Intel64 Family 6 Model 58 Stepping 9, GenuineIntel
TMP=C:\Users\Admin\AppData\Local\Temp
TEMP=C:\Users\Admin\AppData\Local\Temp


JNI global refs:
JNI global refs: 25, weak refs: 131

JNI global refs memory usage: 843, weak refs: 2105


---------------  S Y S T E M  ---------------

OS:
 Windows 10 , 64 bit Build 19041 (10.0.19041.1889)
OS uptime: 0 days 7:26 hours

CPU: total 2 (initial active 2) (2 cores per cpu, 1 threads per core) family 6 model 58 stepping 9 microcode 0x21, cx8, cmov, fxsr, mmx, sse, sse2, sse3, ssse3, sse4.1, sse4.2, popcnt, tsc, tscinvbit, erms, clmul, clflush

Memory: 4k page, system-wide physical 10105M (470M free)
TotalPageFile size 10105M (AvailPageFile size 87M)
current process WorkingSet (physical memory assigned to process): 976M, peak: 986M
current process commit charge ("private bytes"): 1026M, peak: 1194M

vm_info: OpenJDK 64-Bit Server VM (17.0.6+0-b2043.56-10027231) for windows-amd64 JRE (17.0.6+0-b2043.56-10027231), built on Apr 28 2023 00:43:19 by "androidbuild" with MS VC++ 16.10 / 16.11 (VS2019)

END.
